,ImageId,PredictionString,NumCars,DetectedCars,TP,FP,FN,CSI
2299,ID_9161dc66d,35 0.168489 0.0439486 -3.09608 3.05765 3.70133 11.8162 70 0.172281 -0.0111044 -3.12481 12.7815 7.67433 33.8489 35 0.17433 -3.12517 -3.13259 -4.43416 2.99119 9.8178 16 0.172281 -0.447403 -3.12481 5.69299 4.89595 19.4857 16 0.174325 3.01184 -3.13259 -10.3752 4.61018 20.0676 16 0.174321 3.12577 -3.13259 -7.52328 4.82918 22.2573 16 0.168489 -0.0102944 -3.09608 2.04593 8.99832 46.3664 46 0.168489 -0.130119 -3.09608 0.389052 12.7518 69.6035 43 0.171218 -0.147087 -3.10789 3.18343 15.0195 83.8941 2 0.172278 -2.52796 -3.1248 19.1921 8.70881 40.1017 8 0.171835 -0.638754 -3.12069 24.8123 12.1258 59.7353 16 0.172281 -0.851647 -3.12481 21.7997 11.5059 57.1485 16 0.172281 -0.533703 -3.1248 19.8919 11.1881 57.182 46 0.172281 -0.69263 -3.12481 25.1823 14.8959 77.9264 2 0.172281 -0.716965 -3.12481 21.8349 13.5496 71.6328 16 0.17228 -0.470578 -3.1248 18.403 12.7085 67.1575 16 0.172281 -0.0944526 -3.1248 12.0674 10.0754 49.4598 16 0.172281 -0.117943 -3.1248 12.8321 11.3879 57.431 16 0.168489 -3.10621 -3.09608 -4.88015 9.98023 53.5947,19,9,8,1,11,0.4
2475,ID_24539aee6,51 0.17577 0.0298078 -3.12642 -3.86982 3.47201 12.8213 28 0.142971 0.00917342 -3.13433 -7.32498 7.31495 38.665 46 0.175771 -0.150178 -3.12642 -6.05828 3.88342 18.2668 16 0.175771 0.12625 -3.12642 -32.2312 7.09621 44.1422 16 0.17577 0.0650155 -3.12642 -29.0644 7.66693 46.8648 16 0.142971 0.0191052 -3.13432 -3.43411 6.45331 33.6743 46 0.142972 -0.173076 -3.13432 -11.001 14.6485 87.575 46 0.142972 -0.253057 -3.13433 -9.6921 13.4712 84.5899 16 0.142972 0.109092 -3.13432 -10.4057 16.8489 106.998 16 0.142972 0.0917238 -3.13433 -7.85866 19.9999 128.085 16 0.175771 0.052454 -3.12642 -22.301 6.50322 37.0528,11,4,4,0,7,0.364
2692,ID_20d155a1c,9 0.152912 2.93066 -3.04127 -7.06564 3.04444 14.0306 66 0.113416 2.84566 -3.09562 -14.9435 4.69508 23.3502 50 0.0923217 3.02468 -3.09466 -7.8949 6.05583 31.9106 28 0.199668 2.91609 -3.0672 -4.53818 6.16803 29.8204 50 0.182401 -0.0841847 -3.04414 15.3619 6.39987 24.8606 46 0.187661 -0.167179 -3.02365 17.7819 9.09278 39.9127 50 0.22584 -0.162622 -3.00711 22.7387 12.2192 54.8891 46 0.194341 -0.216738 -3.03603 19.187 10.722 49.2425 76 0.172128 0.00714924 -3.081 32.5497 21.4509 108.316 46 0.0923263 2.8842 -3.09466 -12.9644 6.4961 33.2625 2 0.199669 2.94631 -3.0672 -5.95945 9.43607 51.7081 16 0.199666 2.9412 -3.0672 -1.55999 7.8506 39.784 46 0.182401 -0.140125 -3.04414 13.9787 5.26145 18.5819 16 0.182401 -0.254333 -3.04414 16.14 7.48713 29.9099 16 0.194341 -0.14927 -3.03604 20.0334 11.6749 53.6815 46 0.00683343 0.024495 2.95963 29.4253 17.7776 85.8759 46 0.00683343 0.024495 2.95963 29.4253 17.7776 85.8759,17,8,7,1,10,0.389
38,ID_7602c2067,28 0.17146 0.0571003 -3.09523 -4.01437 3.83787 13.5107 28 0.128661 0.0754058 -3.06914 -15.5536 6.86933 33.2424 6 0.168858 0.0862458 3.13246 -13.9002 5.37238 24.476 16 0.168858 0.133996 3.13245 -2.8491 1.81805 3.41354 16 0.128661 0.037233 -3.06914 -6.83291 4.39634 18.864 16 0.128661 0.0159217 -3.06914 -11.7604 6.25054 29.1806 47 0.129971 -3.08284 -3.07154 -33.0554 11.9927 62.7749 46 0.128661 0.0259694 -3.06914 -18.5961 10.6686 54.0788 2 0.128661 0.35216 -3.06914 -11.6277 7.72116 39.8726 2 0.128661 0.205187 -3.06915 -8.78716 6.60014 32.8868 16 0.128661 0.113713 -3.06914 -3.93629 4.58967 19.2478 16 0.128661 0.167611 -3.06915 -8.86631 9.4724 49.4743 47 0.128695 -3.05331 -3.0692 -26.3909 14.9493 80.13 16 0.128661 -0.612154 -3.06914 9.90722 14.9762 72.9533,14,7,5,2,9,0.312
1168,ID_4d3276ba9,66 0.17624 -0.146435 -3.08801 -0.56741 8.92412 44.5675 51 0.137738 -0.0371986 -3.09692 10.9814 14.015 70.6814 35 0.16861 -0.12699 -3.06679 13.7662 6.25196 24.3048 51 0.172986 -0.134251 -3.11743 16.3744 7.87211 33.2446 51 0.18906 -0.103003 3.13432 15.8618 8.36158 36.7726 51 0.181198 -0.130885 -3.10883 16.9804 9.51977 43.1965 50 0.180652 -0.138023 -3.07508 17.4356 10.5676 49.3699 27 0.170732 -0.10123 -3.07094 17.7556 12.9066 65.2918 25 0.158028 3.09157 -3.12201 -7.60683 2.95189 13.1962 25 0.161363 3.04391 -3.12019 -6.48348 4.01236 18.5158 46 0.174457 2.91736 3.12568 -12.2162 10.0981 53.6492 35 0.167402 2.98101 -3.13379 -9.21982 9.8468 53.3099 25 0.168378 3.05479 3.13068 -8.51921 11.4472 63.1022 14 0.217093 0.312927 -3.13375 -6.15312 9.51306 54.3441 16 0.137738 -0.0469842 -3.09691 2.69047 6.60905 31.5921 16 0.137738 -0.0743059 -3.09692 3.88943 12.3442 64.7655 28 0.144547 -0.636078 -3.13374 5.4501 19.6356 105.763 46 0.137738 0.00953021 -3.09692 6.0041 12.3357 63.0593 16 0.137738 -0.135251 -3.09692 7.92269 13.4598 73.123 6 0.137758 -0.16997 -3.09698 8.68217 19.8853 110.26 61 0.171298 -0.000647424 -3.07322 13.8894 5.3586 19.9516 2 0.180652 -0.0507305 -3.07508 18.6367 11.92 56.3756 16 0.170732 0.0591418 -3.07095 16.9306 11.7377 57.2506 16 0.158037 3.05128 -3.12201 -10.775 4.0276 20.7052 46 0.161365 2.86741 -3.12019 -14.1497 7.32047 37.4847 46 0.174453 2.94838 3.12568 -13.6715 8.91948 46.6363 50 0.216682 -0.118442 3.12602 -5.39315 8.63299 48.6019 23 0.216658 0.0751946 3.1257 -4.21328 15.1366 83.6987 16 0.216652 0.344304 3.12571 -4.69753 11.7401 66.3714 2 0.176239 3.01676 -3.08801 0.0261004 22.4697 127.698,30,12,12,0,18,0.4
265,ID_91b2a1bb9,16 0.106432 -0.0475913 -3.12719 -18.0807 8.21909 48.843 16 0.109255 0.202295 -3.12206 -50.1257 14.8989 103.403 43 0.127215 0.40304 -3.12321 -42.1782 11.6456 79.8276 2 0.106432 1.92554 -3.12719 -16.1358 9.03322 54.8742 2 0.106433 0.537916 -3.12719 -40.5403 15.3601 104.931 16 0.109255 0.407193 -3.12206 -22.715 8.38268 51.7367 16 0.109255 0.364816 -3.12207 -34.0967 12.372 80.5934 46 0.109256 0.697839 -3.12207 -48.5011 15.067 104.177,8,5,3,2,5,0.3
3250,ID_dddcdad01,35 0.147833 -3.13011 3.11508 -7.05467 3.4675 13.5457 2 0.147831 -3.0141 3.11508 -13.9461 5.44685 28.4848,2,5,2,3,0,0.4
666,ID_2b59c384d,8 0.15511 0.0282065 -3.11154 15.4775 6.90304 28.1905 61 0.105529 -0.290477 3.05791 12.6168 5.77683 26.5611 35 0.109396 0.345236 -3.05839 11.4601 7.29843 34.4551 28 0.115805 0.735667 -3.12489 14.7882 11.06 56.4593 28 0.173633 0.0448874 -3.07403 12.6303 11.3943 59.1904 51 0.139083 0.0582131 -3.12453 1.02274 7.846 38.1171 66 0.140981 -0.00211144 -3.09022 -3.09068 6.65103 33.1724 51 0.154937 3.12749 3.13286 -12.101 6.79818 34.5957 8 0.186522 -3.12036 -3.13845 -10.7641 8.12704 44.9288 37 0.132369 -3.07134 -3.12218 -22.4231 8.9389 53.1961 46 0.10553 0.250389 3.05791 4.73524 3.82445 8.97953 16 0.15511 -0.320405 -3.11153 10.3096 4.02102 14.9753 16 0.115805 0.185686 -3.12488 13.9809 8.83802 43.1062 16 0.173633 0.0295061 -3.07403 12.1987 12.13 64.032 46 0.132366 3.00571 -3.12218 -29.0427 6.96416 38.7612 16 0.132361 -3.08616 -3.12218 -22.8822 6.36319 35.7839 9 0.133633 -1.22038 3.13541 -25.9412 8.69772 51.1625 16 0.186519 -3.1353 -3.13845 -10.186 9.33128 52.9322 2 0.132367 1.38352 -3.12218 -44.4174 10.5556 71.5208 46 0.133632 1.51893 3.1354 -43.3302 11.3748 77.3201 16 0.133633 1.52594 3.13541 -28.9903 8.01233 53.5676 46 0.132367 2.31027 -3.12218 -39.1545 12.9242 85.9857 60 0.132004 1.77892 -3.11983 -43.8427 16.5301 110.472 16 0.18652 -1.1901 -3.13845 -12.9876 8.87967 51.6891 47 0.132541 3.13689 -3.12345 -29.8063 13.0323 76.8548,25,11,9,2,16,0.333
3214,ID_ddf4a97a3,23 0.171098 -1.52207 -3.10133 -34.1794 9.58422 55.7297 9 0.147027 1.00185 3.12251 -28.7305 11.462 70.0222 50 0.128869 3.11877 -3.13764 -26.8668 12.0816 72.2189 16 0.12887 -0.0582607 -3.13764 -1.35263 5.4266 25.7339 37 0.175689 3.11917 -3.13794 -30.8443 7.01589 40.5804 16 0.171095 -1.65678 -3.10133 -31.8291 9.28391 56.5028,6,2,2,0,4,0.333
2623,ID_84047de00,35 0.146661 0.0225246 -3.07154 5.63062 3.64348 11.779 35 0.160427 -0.0731111 -3.08034 6.01443 5.01711 19.1974 46 -0.00883668 -0.012157 3.13225 7.53705 6.31335 29.0986 66 0.161942 -0.00469354 -3.13413 8.91822 9.45261 45.9519 8 0.126034 -2.54402 -3.11936 -25.2797 12.8126 76.9169 2 0.161942 -0.761896 -3.13413 8.66038 6.76089 32.6688 7 0.161782 -0.29347 -3.1312 3.15679 6.18347 31.4218 16 0.161782 -0.029483 -3.1312 -9.17729 18.5133 104.708 2 0.161782 0.104233 -3.1312 -7.86785 18.3156 104.967 9 0.127824 -1.69969 3.13545 -50.8564 16.1049 97.6245 2 0.127828 0.998689 3.13546 -33.3451 8.88373 55.1986,11,10,7,3,4,0.5
3076,ID_a6bf8f541,32 0.204965 0.0307495 -3.0837 -4.19288 5.42075 25.0526 6 0.143913 -0.126821 -3.07627 7.92422 4.02446 13.2567 40 0.158207 -0.105934 -3.07165 8.11081 5.85965 24.7445 40 0.121604 0.0247545 -3.11754 8.19286 6.89578 32.0684 16 0.204965 -0.00460729 -3.0837 0.347774 6.58748 31.5438 16 0.204965 -0.0149356 -3.0837 -6.65114 14.8547 84.3073 16 0.204965 -0.0168034 -3.0837 -3.9098 17.3249 97.5559 16 0.121604 -0.441057 -3.11754 7.83297 7.88267 38.767 46 0.121604 -0.386716 -3.11755 9.16725 12.5398 65.1583 46 0.121604 -0.0513146 -3.11754 13.8065 21.1651 114.507 50 0.208273 3.10188 -3.09724 -38.2146 10.3182 65.6825 2 0.208267 2.8955 -3.09724 -43.5656 12.3252 79.5971 16 0.204965 0.194465 -3.0837 -11.8912 8.58255 50.3138,13,11,8,3,5,0.5
989,ID_3deb3d47d,40 0.19461 0.483008 -3.07877 11.9349 6.46474 27.8788 35 0.195184 0.986957 -3.12749 -20.6719 5.71882 32.1343 35 0.182204 0.844541 -3.10981 -21.7813 7.71784 45.4939 54 0.132642 0.941261 -3.1202 -20.3548 10.6113 61.394 71 0.13739 -3.13559 -3.13534 -26.6008 15.0082 89.4094 20 0.138766 3.13174 -3.04177 -24.2262 14.7314 88.7545 46 0.19461 -0.193219 -3.07877 9.13224 3.67044 12.0693 2 0.194611 -1.14389 -3.07877 26.0459 22.2725 124.698 46 0.194611 -1.29712 -3.07878 21.8427 21.9622 124.791 46 0.194609 -0.735111 -3.07877 21.4942 24.3811 140.019 46 0.19461 0.294346 -3.07878 5.1621 18.2316 105.688 16 0.19461 -0.00800968 -3.07877 -0.430744 9.09188 47.54 6 0.194659 0.0625514 -3.07893 -2.77427 11.7714 65.0126 46 0.194609 -0.107433 -3.07878 1.26541 23.2876 134.041 2 0.194609 0.159297 -3.07878 -1.08518 16.9652 97.7904 16 0.194609 0.0907495 -3.07878 -3.0448 19.3745 114.265 70 0.194818 0.000443293 -3.07944 -6.27689 19.1843 111.072 16 0.194817 0.036781 -3.07943 -8.12187 14.5486 84.5425 16 0.182208 0.563963 -3.10982 -20.416 7.72383 47.0834 2 0.132639 0.872414 -3.1202 -21.0187 9.16115 55.2611 2 0.138761 -3.06142 -3.04177 -26.1768 17.145 104.246 16 0.195179 -0.0635141 -3.12749 -21.1195 5.50933 31.8666 16 0.182206 0.831705 -3.10982 -24.0063 6.78777 41.3286,23,7,5,2,18,0.2
2556,ID_017f67322,66 0.0825412 -0.0652585 -3.10657 -2.81478 6.01969 30.3752 46 0.0825412 -1.01128 -3.10657 -28.3466 8.03342 43.4157 16 0.0825412 -0.140737 -3.10657 -14.0239 6.05538 34.3047 2 0.0825412 -0.0367214 -3.10657 -23.8529 9.9916 61.5987 16 0.0825411 0.135472 -3.10657 -24.482 15.35 97.8275 2 0.0825412 0.677554 -3.10657 -20.4299 15.4264 97.8285 6 0.083224 0.052988 -3.10823 -17.2076 15.9283 97.1938 16 0.0825412 -0.00305431 -3.10657 3.93035 12.667 70.767 16 0.0825412 0.00605073 -3.10657 -1.2247 23.3871 139.948,9,6,4,2,5,0.364
3706,ID_7d183b653,70 0.200223 -0.0188657 -3.04566 3.43423 2.64544 7.53273 16 0.144876 -0.053033 -3.08457 5.4558 4.98707 21.3198 66 0.15297 0.000147288 -3.08167 6.94407 10.6372 54.4078 9 0.222795 3.01792 -3.10209 8.58802 15.0667 79.4624 16 0.193361 1.58401 3.13322 -16.3118 4.11338 22.9637 61 0.148711 1.69391 -3.03706 -14.4397 4.51113 28.0606 46 0.200225 -1.26478 -3.04566 26.1999 8.96223 38.3082 66 0.210084 -1.44902 -3.07011 23.9878 8.51447 37.6882 46 0.210084 -1.39321 -3.07011 25.5027 10.9167 51.5407 16 0.193364 1.46833 3.13322 -18.3707 5.0196 28.8071,10,7,7,0,3,0.7
2541,ID_faf7cc015,51 0.148566 0.237186 -3.11532 -4.95711 8.47873 43.2864 35 0.16869 3.0986 -3.13906 -11.037 6.49188 31.3727 2 0.148566 0.048822 -3.11532 -4.61595 6.29355 29.7955 16 0.148566 -0.0139287 -3.11532 -0.449174 6.84686 33.097 16 0.148566 0.00113822 -3.11532 1.76362 16.8943 91.7309,5,4,4,0,1,0.8
1332,ID_acf3b93b1,8 0.113293 -0.0359796 -3.10445 3.35395 4.06409 17.1627 7 0.171867 -0.0517355 -3.0573 3.92777 6.60031 31.6741 9 0.18203 -1.22512 -3.13237 21.1196 12.1982 64.2016 25 0.0816022 2.09893 -3.11279 7.86052 13.8551 77.3151 28 0.156415 -0.501362 -3.06245 2.9195 16.8905 96.3661 35 0.144853 3.03933 -3.13477 -6.29271 7.74344 41.0928 35 0.172382 3.11076 -3.12422 -6.00575 3.24982 12.2165 6 0.171532 -0.0576479 -3.05662 4.38724 5.93901 27.2666 16 0.156416 2.51391 -3.06245 -0.551272 9.76644 53.7547,9,5,5,0,4,0.556
1598,ID_b20bed952,14 0.182255 0.284677 -3.09326 14.1234 5.54576 22.1228 28 0.12388 0.197117 -3.05978 12.6949 6.11809 25.7888 51 0.146557 0.167001 -3.12085 13.5168 7.64553 35.1523 35 0.164652 3.13935 -3.13914 -7.95391 3.59094 15.1047 16 0.164651 3.09968 -3.13914 -14.2248 4.15235 19.9235 16 0.164645 -3.13202 -3.13914 -7.30227 4.09348 19.2033 70 0.164672 3.10294 3.14117 -12.2758 6.82849 37.1174 16 0.164645 -3.00733 -3.13914 -21.4847 6.17683 36.1165 46 0.164652 3.11653 -3.13914 -25.2928 8.10704 47.8111 46 0.164651 3.09837 -3.13914 -27.6522 9.77824 58.2935 6 0.164261 3.08053 -3.12992 -25.269 9.85988 58.9662 2 0.182255 0.284677 -3.09326 -0.575634 11.373 63.1356 16 0.164667 -0.0301469 3.14116 -4.16664 14.7239 85.6087,13,9,9,0,4,0.692
134,ID_12104686a,28 0.176158 -0.0115527 -3.1045 3.73114 6.17301 27.9879 70 0.170476 0.0116613 -3.10742 11.5327 11.744 60.1842 35 0.127176 0.015818 -3.09533 7.92031 13.3525 72.703 60 0.177765 -2.35386 -3.08856 4.28406 25.4888 151.628 43 -0.0141584 -0.0280765 3.10251 4.92482 14.8012 85.0477 16 0.176159 -0.0301421 -3.1045 6.10192 8.17812 41.163 16 -0.0141584 -0.100338 3.10251 3.96065 9.74333 55.6906 2 0.176158 0.798651 -3.10449 11.1449 13.7007 76.1537 6 0.177926 3.05693 -3.08912 -29.6408 10.763 62.7321 66 0.173761 -1.10993 3.13656 37.115 26.4689 148.841 46 0.177765 -2.82633 -3.08856 -0.306905 23.84 144.039 46 0.177932 3.0179 -3.08912 -31.4483 12.8599 76.9072 16 0.177764 2.55737 -3.08856 -19.3445 19.7072 121.766 46 0.177768 -3.13443 -3.08856 -2.82751 31.6737 193.752,14,5,5,0,9,0.357
1506,ID_94fe5930d,37 0.141524 0.120504 -3.12001 -7.15525 2.97347 11.8957 70 0.169367 0.271144 -3.04101 -8.56805 3.64717 18.0874 16 0.137166 -2.90598 -3.08112 -7.41953 4.96098 25.7828 19 0.151609 0.186106 -3.09588 -1.56243 4.21765 18.7692 16 0.1596 0.0530898 -3.07825 1.94782 5.05086 23.1466 40 0.0624239 0.167356 -3.09687 3.9904 5.93825 29.2128 43 0.145523 0.0146787 -3.06954 8.45128 8.5822 43.0788 70 0.138056 -3.04514 -3.08321 -11.4575 7.97887 43.245 16 0.151608 0.154981 -3.09588 -4.48426 5.76166 29.5341 16 0.159599 0.0772375 -3.07825 -0.833389 5.94302 29.109 70 0.161883 -0.598946 -3.08439 2.81806 8.1924 42.0904 16 0.159599 0.096732 -3.07825 0.0692856 14.4159 83.3978 2 0.151613 -3.10697 -3.09588 -12.4613 14.1705 85.8971 16 0.1596 -0.0305924 -3.07826 -1.54381 22.8357 141.238,14,9,8,1,6,0.533
2547,ID_2fcc56097,28 0.164956 0.0648152 -3.09118 6.3112 3.98257 11.5795 35 0.151317 0.0363609 -3.03991 5.56813 4.54044 16.2981 51 0.198586 0.0430952 -3.06323 6.02683 6.19395 26.2859 35 0.193581 0.0345603 -3.07658 5.02847 6.63588 29.9329 12 0.157719 0.00716195 -3.06955 4.57617 7.7134 37.3407 14 0.170595 3.12356 -3.11694 -6.92508 7.98812 43.2842 25 0.164536 -3.09231 -3.12174 -8.50852 15.203 88.2029 35 0.169506 -3.09178 -3.13317 -5.7105 4.2313 18.1704 25 0.159942 -3.09784 3.1271 -9.58553 4.05408 18.2986 40 0.149295 -3.09839 -3.13727 -10.0941 5.30366 25.6743 16 0.157718 -0.00680695 -3.06954 4.086 7.47908 37.4381 2 0.157718 -0.225698 -3.06954 4.76915 9.69762 50.0845 2 -0.157719 -3.13479 0.0720518 -0.159481 11.3884 62.0878 2 0.159943 3.11917 3.1271 -9.73814 3.25398 13.1221 46 0.169507 -3.13346 -3.13317 -10.8673 7.36978 38.5964 16 0.169511 -3.10664 -3.13317 -8.47313 6.46684 34.1966 16 0.169502 3.12247 -3.13317 -9.50944 8.11432 43.4677 16 0.169503 -3.08908 -3.13317 -9.88278 9.03794 49.3819,18,16,11,5,7,0.478
150,ID_c8303bad2,35 0.218475 1.02062 -3.13897 7.96937 7.3782 34.3259 66 0.165935 -0.0227964 -3.07272 5.49958 9.99727 50.946 28 0.152211 3.12903 -3.11059 -4.39321 6.49378 33.1733 12 0.149093 -3.081 -3.10297 -6.35659 6.30081 35.4286 2 0.165935 -0.0674702 -3.07272 4.07044 21.895 127.919 46 0.152206 3.09038 -3.11059 -9.758 15.8126 91.515,6,4,4,0,2,0.667
1610,ID_0c7ca1e20,35 0.17728 -0.0953115 -3.04605 12.7544 5.32879 19.3186 70 0.192203 -0.130874 -3.08442 14.5073 6.58319 26.8222 9 0.193575 2.32057 -3.03177 14.9047 7.55408 33.1136 70 0.199338 -0.0819817 -3.07148 15.9229 8.94837 40.5166 61 0.163839 -0.0846091 -3.05718 14.4678 8.97357 42.1204 37 0.207355 2.60194 -3.06459 15.582 11.4836 57.0012 7 0.0961628 3.028 -3.11194 -5.67276 11.3832 63.2511 25 0.169468 3.0801 -3.13983 -6.66895 6.15417 31.7095 25 0.166606 3.11298 -3.13562 -13.7266 9.31452 53.1042 25 0.178854 3.12681 3.1211 -20.3635 11.6995 68.261 35 0.173114 3.04006 -3.13186 -7.50024 4.22066 19.2011 25 0.12575 3.1271 3.13547 -12.9498 5.00715 26.7657 16 0.17728 0.0421498 -3.04606 26.1034 7.88466 36.0412 16 0.16384 -0.0419157 -3.05718 14.5864 9.74965 46.1735 46 0.207358 -3.05292 -3.06459 15.582 11.4836 57.0012 27 0.199092 2.73188 -3.04503 16.215 13.0467 67.3258 6 0.209813 2.76419 -3.07167 15.5834 13.182 68.5207 2 0.125744 2.96005 3.13547 -10.5059 3.21501 15.314,18,12,12,0,6,0.667
1345,ID_565c40c14,28 0.154251 0.0030907 -3.06716 6.19848 4.2927 14.735 16 0.145694 0.0206681 -3.10629 5.12622 5.65356 25.6491 70 0.188122 -0.0264719 -3.06891 6.83231 8.61228 40.8025 76 0.20093 -0.0478633 -3.10359 1.35123 4.03837 15.9377 35 0.158208 -3.09557 3.12238 -4.49979 2.94746 10.0091 46 0.181217 0.243129 -3.13472 -11.0334 21.4734 122.019 19 0.168353 -3.14036 3.12825 -11.1745 15.1721 82.8784 71 0.171056 2.65684 -3.13963 -21.1782 9.06005 49.9502 46 0.188121 0.224895 -3.06891 9.38486 14.2941 70.3985 12 0.161178 2.55746 3.0581 -1.9418 30.5745 169.534 46 0.168347 -1.72645 3.12824 -14.1935 11.8589 65.0889 54 0.170725 -0.431948 3.13076 -26.9711 12.6756 72.6085 50 0.169387 1.77539 -3.11757 -26.0602 9.49426 52.4971 16 0.169385 -0.0952692 -3.11756 -29.9621 9.47609 54.4822,14,9,7,2,7,0.438
2888,ID_3d3432b86,60 0.131754 -0.01895 -3.08879 -3.77116 3.48525 12.9074 35 0.168041 0.139055 -3.09353 4.50607 7.32562 34.6124 28 0.159555 0.0806223 3.08818 11.3312 11.5307 61.0394 28 0.130784 -0.0441705 -3.14015 -29.5332 15.426 93.244 16 0.131754 0.0435699 -3.08879 -3.60797 5.98847 29.2031 7 0.129079 -7.05741e-05 -3.08253 -0.691834 7.04366 36.1889 46 0.129079 0.237771 -3.08253 -3.11329 11.3803 63.4785 16 0.12908 0.0260942 -3.08253 3.47075 14.1193 77.9997 46 0.12908 -0.00464461 -3.08252 1.16536 15.5095 88.572 2 0.159553 -3.13049 3.08819 11.0663 7.38306 37.3009 16 0.130783 -0.019961 -3.14015 -16.8971 5.51532 29.5712 16 0.130783 -0.0187542 -3.14015 -12.9958 4.95198 25.2486 2 0.130783 0.0832771 -3.14015 -20.4093 15.8089 94.412 46 0.130783 -0.231501 -3.14015 -26.1537 22.9082 138.914,14,8,7,1,7,0.467
2762,ID_397b78b0e,28 0.146851 0.0848088 -3.08121 1.37154 3.24687 10.8959 51 0.10629 0.0457496 -3.10073 -4.9282 4.16821 19.9242 40 0.145064 -0.0514214 -3.07073 -5.52731 7.16046 40.4471 31 0.143645 -3.00933 -3.09777 -8.59702 3.58335 16.7827 46 0.145064 0.115557 -3.07073 -0.983634 5.01964 24.2339 16 0.145064 0.0175505 -3.07073 0.0912416 10.8659 63.1915 16 0.145064 -0.0447627 -3.07073 -2.43137 6.51864 35.5479 16 0.145064 0.0646288 -3.07073 -1.88634 9.02955 51.7416 6 0.141506 3.03566 -3.09128 -13.1645 5.27531 28.9097 2 0.143636 -2.94976 -3.09777 -10.1262 2.56036 13.7425,10,8,7,1,3,0.636
211,ID_1961516e5,35 0.164349 3.12858 -3.12289 -14.5421 5.77977 28.2758 46 0.225458 0.653947 3.08359 -13.815 6.14671 32.912 35 0.141008 3.13333 -3.0911 -8.13203 5.6088 27.06 76 0.0470092 3.06626 -3.13476 -17.5306 14.0327 78.481 2 0.256689 3.07575 3.11642 -11.3992 14.2076 81.0223 40 0.127128 -0.0212626 -3.08768 -3.8043 6.17058 30.0928 37 -0.00794424 0.0727999 -3.10902 -6.57513 18.7842 107.001 8 0.220131 -0.501486 -3.10173 1.79429 15.5891 86.548 66 0.17961 -2.75457 3.12976 5.2821 12.0037 64.5589 70 0.157778 0.072404 -3.10333 3.28985 8.45892 41.0222 35 0.20392 0.553363 -3.03034 12.1637 16.9938 91.3043 71 0.275285 0.486415 3.09158 14.4787 8.44347 35.8282 28 0.170437 0.025711 3.13698 13.7026 5.74472 21.4839 2 0.164355 2.93464 -3.12289 -14.6837 4.18514 19.5839 6 0.164119 3.1136 -3.12091 -17.3189 5.36363 26.3757 71 0.165242 3.13905 -3.13431 -24.5138 7.42063 40.6788 46 0.141008 -3.06635 -3.0911 -14.5063 7.60003 41.7588 46 0.04701 3.05351 -3.13476 -15.4033 9.85742 54.1972 46 0.0470067 3.02055 -3.13476 -21.5372 15.5421 85.9881 16 0.0470101 3.0229 -3.13476 -10.0165 9.34025 51.0992 16 0.25669 3.1075 3.11642 -9.667 13.1832 73.786 16 -0.00794423 0.0384807 -3.10902 -0.969441 5.99858 31.0563 16 -0.00794424 0.0401107 -3.10902 -4.10224 10.1335 56.0734 46 -0.00794423 -0.00521981 -3.10902 -2.93193 17.5267 98.9746 16 0.22013 -0.00790306 -3.10173 2.17278 10.4945 54.2473 16 0.203919 0.00429455 -3.03034 9.65972 7.77966 38.6051,26,11,9,2,17,0.321
122,ID_fc0ae0432,51 0.211245 0.107945 -3.08979 -6.08536 4.37784 19.5526 60 0.165602 0.0188803 -3.07846 -23.5219 8.36547 55.4638 61 0.129508 0.0304235 -3.06723 -18.4981 11.6393 76.2742 70 0.141597 -0.016795 -3.07075 -15.2324 14.5759 90.4704 46 0.141597 0.0837671 -3.07075 2.00358 14.8074 82.6219 46 0.141598 0.252577 -3.07075 -1.84887 19.8361 118.951 46 0.141598 0.231851 -3.07075 -2.88694 10.4596 59.8569 16 0.165602 -0.00710271 -3.07846 -11.5826 3.50564 16.5862 16 0.211244 0.00870026 -3.08979 -10.3067 5.70617 32.1016 16 0.141598 0.169932 -3.07075 -14.8379 12.1958 78.9682 46 0.141597 0.332141 -3.07075 -16.7732 20.0721 127.815 46 0.141598 -0.188847 -3.07075 -20.5309 21.846 141.427,12,10,9,1,3,0.692
626,ID_420a8c141,28 0.138627 -0.0437648 -3.06639 -7.32691 3.40671 13.1855 28 0.152547 -0.00900893 -3.07687 -3.33037 4.50411 19.7154 46 0.152548 -0.0870871 -3.07687 -3.96725 9.86887 56.4565 2 0.152548 0.102503 -3.07688 -8.14975 13.607 79.8048 76 0.15081 -0.00774904 -3.0729 -31.9087 14.2043 90.556 46 0.15081 -0.00774904 -3.0729 -1.21861 9.8476 56.3909,6,4,3,1,3,0.429
1198,ID_d7d3c86f2,28 0.14705 -0.00349654 -3.06163 -3.36248 2.9864 9.99652 20 0.209045 0.0370765 -3.11188 -19.449 5.504 30.0349 16 0.147051 0.0569433 -3.06163 -7.43997 20.5248 119.623 46 0.147051 -0.213305 -3.06163 -8.36919 20.5609 119.561 16 0.14705 0.032273 -3.06163 -2.10835 8.90384 46.6408 2 0.14705 -0.00818623 -3.06163 -14.0457 6.33853 37.4396 16 0.14705 0.520694 -3.06163 -21.8276 8.56342 49.8885,7,4,3,1,4,0.375
3144,ID_fd6056bb8,43 0.157168 0.0872882 -3.10153 1.08923 2.82656 8.82455 51 0.201685 -0.0352231 -3.04186 4.51941 3.46818 10.5126 28 0.151592 0.022429 -3.1057 3.80004 4.94467 20.5399 71 0.171631 -0.00752275 -3.12024 -5.16288 9.59816 49.3115 28 0.159719 -3.09598 3.12414 -7.7677 3.74146 16.0465 16 0.171631 -0.0567816 -3.12023 0.153995 3.51851 13.8722 2 0.171629 -2.30298 -3.12023 -4.02388 19.5816 114.558 66 0.171585 -0.00550207 -3.11987 -5.54065 14.9949 84.8396 46 0.159711 -3.07571 3.12414 -17.594 8.04653 44.4571 2 0.159711 -3.12516 3.12414 -16.1857 6.92853 37.2892 16 0.159717 3.11278 3.12414 -15.471 5.7597 29.9393 16 0.159713 -3.09652 3.12414 -10.4411 3.54451 15.5141,12,13,8,5,4,0.471
3119,ID_4dc39d8ed,60 0.165119 0.229111 3.11112 -4.01601 3.16743 11.4991 28 0.140281 1.55983 -3.0651 -31.2922 6.79511 43.1537 61 0.116424 0.392639 -3.10478 -2.55164 3.50257 15.3777 35 0.183734 2.99456 -3.07524 4.10259 12.2459 65.1123 23 0.150282 2.99337 -3.1062 8.30088 14.3499 75.4251 31 0.187904 -0.189769 -3.1164 15.2035 13.8659 73.4084 16 0.165993 -0.139959 -3.05097 11.2353 8.29653 39.6372 28 0.152296 -0.101569 -3.07646 17.3721 9.51724 43.9755 35 -0.087857 -0.242351 3.1102 31.359 16.3484 85.3852 28 0.130445 -0.0515522 -3.07469 11.9682 5.57963 22.4634 16 0.130445 -0.0476409 -3.07469 14.5805 5.18429 19.7153,11,13,9,4,2,0.6
1311,ID_20bda7f69,61 0.129866 0.506365 -3.07401 3.94939 3.64953 14.3555 35 0.148761 0.104563 -3.0675 15.5609 7.31476 32.5345 76 0.180275 0.028454 -3.08872 25.2003 13.3482 68.2436 27 0.042988 -0.100959 -3.12059 0.153649 10.414 57.8982 70 0.185975 0.0688383 -3.13861 -8.0302 3.01538 13.2268 28 0.146911 -0.0267918 -3.09634 -8.80845 5.5964 28.2842 70 0.180878 -0.0421997 -3.07642 -8.79764 6.66933 36.9038 25 0.134897 -0.112569 -3.09014 -7.48438 8.9184 50.4073 40 0.14234 -0.130093 -3.08959 -5.4302 10.7957 61.0346 28 0.151327 -0.194869 -3.05604 -14.3919 11.8538 70.0527 37 0.114605 3.03108 -3.07842 -26.2954 9.41454 59.9462 40 -0.206955 2.72619 3.1214 -53.106 16.1523 107.047 46 0.176518 2.93176 -3.11315 -36.9306 12.3413 77.4099 16 0.180274 0.204401 -3.08873 14.8005 8.36484 39.639 46 0.129866 0.205676 -3.074 15.3168 15.0085 81.5573 8 0.132253 0.0316177 -3.07882 13.5609 16.2135 88.9699 2 0.132252 -0.178239 -3.07883 12.9952 18.2725 102.096 16 0.132253 0.0404325 -3.07882 7.30329 12.16 66.7328 46 0.132253 0.056625 -3.07882 3.88294 11.7057 64.126 16 0.132252 -0.116808 -3.07883 8.67366 17.0779 96.157 46 0.134895 -1.91608 -3.09013 -13.8742 18.0678 108.224 60 0.142949 -0.459948 -3.0913 -6.81177 22.9121 134.191,22,12,12,0,10,0.545
1202,ID_3c8e6f8b8,35 0.161203 -0.015513 -3.09253 11.833 4.96108 19.9664 50 0.185875 0.0627902 -3.08451 12.832 6.55298 29.4629 16 0.126052 0.00281801 3.1181 10.4328 7.19451 34.3366 43 0.12816 -3.06922 -3.11503 11.7759 10.3599 53.2821 61 0.167942 0.0287629 -3.13381 10.0742 11.1106 59.6297 16 0.167941 -0.0746112 -3.13381 -2.55393 17.9101 102.981,6,4,3,1,3,0.429
2965,ID_3bf8ffd68,51 0.17529 -0.0798274 -2.946 5.94549 3.61008 10.392 28 0.150213 0.0268521 -3.0817 5.4011 4.29377 15.6202 60 0.133013 0.0488328 -3.0557 4.50339 5.0184 22.5925 70 0.160398 -0.0326656 -3.08005 4.88738 7.86096 37.6241 9 0.0840766 1.29792 -3.11763 -18.6175 6.50611 37.4736 71 0.158706 0.088603 -3.07578 5.60515 9.61535 47.9253 6 0.0840489 -3.11779 -3.11754 -17.0867 4.68037 24.5043,7,8,6,2,1,0.667
3690,ID_729a8ef7b,19 0.168306 3.11773 -3.11988 -23.6938 8.40324 49.0344 37 0.158464 3.11417 -3.11943 -19.7249 8.71106 50.7408 37 0.115961 3.09203 -3.0624 -25.7484 10.2272 60.7197 28 0.154654 3.10387 3.12539 -13.8754 12.1966 70.5494 61 0.217316 -0.0263261 -3.0909 0.116479 21.6235 125.175 2 0.158462 2.63795 -3.11943 -20.4769 9.73079 59.3439 16 0.158468 -2.75923 -3.11943 -19.9133 11.988 70.8507 46 0.154658 0.371286 3.12539 -7.81148 12.8578 72.6741 6 0.154592 -0.499744 3.12477 -5.1027 19.7864 119.833 46 0.217316 -0.274531 -3.09089 -2.62308 33.2272 196.32 16 0.217313 1.33556 -3.09089 20.7106 16.4639 88.1374 2 0.217317 0.028486 -3.09089 -3.07476 16.5002 95.3594,12,3,3,0,9,0.25
2998,ID_c57ad7114,27 0.253643 1.15234 3.11078 -23.2542 5.91891 34.6482 43 0.13287 -3.11062 -3.05602 -24.9958 10.0507 59.3716 9 0.0377354 2.89899 -3.05365 -18.7663 17.562 105.98 16 0.0377377 0.026455 -3.05365 -0.206604 8.42633 45.3959 16 0.0377376 -0.0123095 -3.05366 2.10927 10.5509 57.9512 46 0.0377377 0.110133 -3.05365 -4.77272 14.3081 83.2052 47 0.137938 -3.12276 -3.0645 -29.9052 11.192 65.27,7,3,3,0,4,0.429
3766,ID_c3276b70f,16 0.142599 0.0307383 -3.11175 4.01723 4.00206 14.5313 12 0.202611 -3.13805 -3.11175 -12.6316 7.54255 41.1717 35 0.170548 -3.13383 -3.1386 -21.6189 8.70984 46.8014 2 0.142599 -0.0500645 -3.11175 9.04467 8.71928 42.8046 16 0.142599 0.0292389 -3.11175 -0.872579 16.7164 92.2265,5,5,5,0,0,1.0
3142,ID_c0afcce7e,28 0.159742 -1.93476 3.09761 14.4645 4.73094 20.3325 31 0.125426 3.07862 -3.12175 -9.63518 3.61167 14.9743 12 0.126978 3.10074 -3.08512 -8.62467 4.11544 19.1446 12 0.168349 0.463796 -3.09924 -9.71101 8.59755 48.8684 66 0.142487 3.13225 3.12695 -10.0957 11.7215 67.2566 12 0.23903 3.09667 3.1051 -6.62188 10.2827 60.3012 12 0.152024 2.96855 -3.10343 -7.34216 18.2938 109.433 16 0.152028 0.0104821 -3.10343 -0.481669 4.78227 24.0616 16 0.152028 -0.0643981 -3.10342 1.51763 10.9727 63.0266,9,9,7,2,2,0.636
3509,ID_5712ae97e,43 0.173285 0.0641425 3.14071 2.44742 3.79686 15.2217 35 0.141589 3.08381 -3.11993 -8.98258 4.59743 20.2571 25 0.26731 0.242037 -3.13185 -4.73587 5.2581 27.1585 31 -0.0349014 -3.13328 -3.13888 -7.32877 14.6548 86.2181 70 0.172225 1.03131 3.12234 9.63689 4.33546 14.7957 46 -0.0349104 3.11511 -3.13888 -15.1712 25.914 154.449 6 -0.0348593 -0.0527075 -3.13834 -2.21133 18.9814 111.636,7,7,6,1,1,0.75
1999,ID_53e8382e0,70 0.123157 -0.0059234 -3.04999 -2.66975 2.03712 6.43684 9 0.297298 0.987877 3.13388 -17.4772 7.05199 39.09 71 0.159999 3.13439 -3.1244 -17.0729 9.33227 52.4644 16 0.134162 3.13889 -3.10164 -15.7876 10.6078 60.7298 66 0.150443 0.0625965 -3.05927 13.9365 13.9677 75.4604 9 0.230324 0.143325 3.13572 19.1978 18.3195 96.919 35 0.161617 0.00892183 -3.07695 13.2817 11.444 59.1076 9 0.150028 0.0515192 -3.04595 14.1994 10.2564 52.1023 40 0.120703 0.0744072 3.14066 12.804 6.09568 26.3707 51 0.171429 0.00720146 -3.06682 16.2089 6.36965 25.5205 2 0.150443 0.0453289 -3.05928 -0.826423 7.92709 41.1754 16 0.150443 -0.0197003 -3.05928 -4.52647 16.2623 96.5107 16 0.150443 0.0597263 -3.05927 1.67244 18.4035 106.419 16 0.150443 -0.0332198 -3.05928 -2.01712 17.9147 104.617 46 0.150443 -3.13027 -3.05928 -20.4595 22.5761 135.253 16 0.150028 0.0110031 -3.04594 14.9347 9.77321 49.9985,16,6,6,0,10,0.375
476,ID_08c2aa2d9,28 0.156061 0.0334841 -3.12656 -2.88072 2.36848 6.627 51 0.141114 0.0115004 -3.06833 -3.13681 4.56265 21.3888 28 0.137146 -0.991073 -3.11244 9.39132 4.94118 20.2265 9 0.131523 -3.14031 3.12874 -10.564 4.44674 23.9869 35 0.142482 3.1294 -3.1142 -11.7553 7.11726 39.8064 37 0.160422 -3.12551 -3.07278 -11.8869 8.74188 52.252 35 0.136639 -1.5542 -3.07464 -34.0018 8.54955 55.5404 16 0.137144 -1.43443 -3.11244 17.1342 5.58129 23.6415 16 0.141114 0.0235917 -3.06833 -0.408397 16.4162 99.5801 2 0.141112 -3.09831 -3.06833 -17.0922 21.352 138.099 28 0.144659 0.000184315 -3.09452 -26.6629 5.56276 35.3551 46 0.136641 -1.3603 -3.07464 -27.1748 6.03275 40.7925,12,10,9,1,3,0.692
2944,ID_5eecaa940,37 0.134256 -0.0263469 -3.10297 3.6884 3.06384 8.23198 35 0.1715 0.0047211 -3.06555 4.28052 4.11782 14.2289 6 0.178472 0.00878831 -3.04799 4.43799 6.36545 27.7229 37 0.149817 3.04966 -3.12017 -11.6634 7.89415 39.9339 35 0.16162 3.01009 -3.13491 -7.55554 10.4473 54.2852 61 0.251695 3.08495 -3.11712 -8.67495 15.2665 84.2213 16 0.178473 -0.00175162 -3.04799 2.64714 14.3885 76.9072 16 0.178473 0.034289 -3.04799 -0.578698 13.243 70.5026 16 0.251697 3.12695 -3.11712 -7.41196 11.6517 63.0439 46 0.251694 -3.07423 -3.11712 -9.87053 19.1674 106.332 46 0.251696 3.11331 -3.11712 -10.2498 25.4724 143.575,11,9,8,1,3,0.667
1333,ID_4e8e5ef3c,31 0.129562 3.13874 -3.09836 -8.10113 3.26563 13.9067 76 0.158929 0.0323746 -3.08177 5.67223 3.63235 12.434 66 0.141351 0.0839383 -3.1231 7.0123 5.66336 22.7665 70 0.14476 0.0835377 -3.12263 5.58011 5.65378 26.2446 31 0.179476 0.00753825 -3.02109 4.95534 5.93576 28.8889 71 0.20753 0.144319 -3.08194 5.30463 13.2056 73.0809 37 0.176632 -3.0889 3.13183 -8.73927 7.67027 41.8364 43 0.105477 -2.97134 -3.06862 -7.66539 13.4674 83.2568 16 0.20753 -0.0616724 -3.08193 3.05594 11.0856 62.6169 16 0.176632 -3.12265 3.13183 -8.18301 7.99942 44.6265 16 0.176634 3.10956 3.13183 -8.62633 8.95565 52.1571 47 0.17663 -3.10104 3.13193 -9.37393 11.3654 67.2261 16 0.176637 -2.99573 3.13193 -6.13934 7.61282 45.6105,13,10,8,2,5,0.533
3086,ID_f0ebf761a,28 0.156282 -0.926945 -3.08663 9.04625 4.88964 16.4292 35 0.154878 1.66047 -3.0912 9.09951 6.73262 27.2738 37 0.151413 1.70695 -3.09897 8.88076 7.15161 31.4424 60 0.258617 1.75589 -3.12449 26.6656 9.19608 36.9433 28 0.163169 0.206321 -3.06269 -15.5827 8.71054 46.7899 12 0.128685 0.273308 -3.11963 -5.99433 10.2793 51.5122 16 0.151418 1.57319 -3.09897 9.06014 6.98833 29.2085 2 0.151419 1.76881 -3.09896 8.07663 7.12158 31.6048 2 0.156277 1.62144 -3.08662 15.6487 7.30777 30.088 2 0.258612 1.59399 -3.1245 13.2922 5.93396 23.7136 46 0.15628 1.45495 -3.08662 19.7654 10.022 41.4155 46 0.128685 0.131311 -3.11964 -11.2221 10.8642 57.8684 16 0.128685 0.114567 -3.11964 -17.2181 13.6286 76.4255 16 0.128685 0.0796428 -3.11963 -14.9513 15.3938 85.4023 2 0.128685 -0.128485 -3.11963 -25.6994 19.175 111.277,15,12,11,1,4,0.688
647,ID_cd619cd17,35 0.149465 0.109285 -3.05583 8.25386 6.65527 29.6887 61 0.169633 0.0127466 -3.04429 7.35217 8.41426 43.2212 43 0.0917494 0.18031 -3.11625 -2.19574 13.4404 77.3838 16 0.169634 -0.151771 -3.0443 7.63142 7.63959 36.5331 46 0.169633 0.0552864 -3.04429 6.98308 15.4655 84.8418 48 0.0918755 -0.194989 -3.11671 2.41852 21.646 125.8,6,4,4,0,2,0.667
1613,ID_3676701ac,66 0.1563 -0.00870403 -3.08114 -3.93476 6.38359 32.3257 19 0.1084 -0.0736377 -3.08662 0.602209 8.73066 46.6495 47 0.0851316 0.385007 3.03023 16.8981 22.161 134.475 16 0.0851317 -0.225551 3.03023 4.02121 8.5484 47.5178 16 0.108399 0.0340838 -3.08662 -3.5553 13.0982 82.6638 2 0.1084 -0.261983 -3.08662 0.963946 9.93417 58.9421 16 0.0851316 -0.15023 3.03023 5.00351 13.7298 83.1168 46 0.0851316 -0.254004 3.03023 5.43392 16.6905 104.56 16 0.0851317 -0.447189 3.03023 14.3031 13.4149 78.6846 16 0.1084 0.153824 -3.08662 -4.87348 21.4351 140.23 71 0.0843561 -0.0755346 3.02965 6.98456 27.4221 176.652,11,6,4,2,7,0.308
3051,ID_65b5d7743,28 0.153306 -0.00935454 -3.08201 5.19499 3.61501 11.5073 70 0.153962 -0.0318032 -3.07859 -2.4034 3.70791 14.0008 28 0.156559 0.0293255 -3.11268 2.15536 5.12035 21.3309 9 0.133849 -0.00792752 -3.02568 -26.1939 6.3152 40.7233 2 0.117067 -0.00656601 -3.05553 -27.0253 11.3199 71.7788 46 0.222878 -0.154865 -3.0942 -15.3148 9.6973 54.734 28 0.129527 -0.040357 -3.06112 -23.3756 17.4225 106.794 16 0.156559 -0.050543 -3.11268 -0.298618 12.0338 67.2177 16 0.117067 -0.0639694 -3.05553 -8.77724 4.691 24.3657 2 0.117067 -0.0558826 -3.05554 -18.6871 9.28727 55.8761 2 0.129527 0.0658607 -3.06113 -20.0974 20.3587 126.81 32 0.141255 -0.0420557 -3.08429 -22.2127 22.1852 137.59,12,9,7,2,5,0.5
2794,ID_50766232e,70 0.162321 2.94684 3.09657 -2.87749 8.77012 44.5371 50 0.155701 -2.92101 -3.13059 3.72742 7.36082 36.6065 8 0.095777 -2.4726 3.05782 9.09395 5.03269 22.8372,3,3,3,0,0,1.0
2295,ID_ac29cbfea,16 0.153025 0.0196339 -3.10401 11.6584 5.21581 21.1964 7 0.109773 -0.00711553 -3.05491 3.1396 5.36982 25.6177 18 0.173822 0.0182599 -3.10029 4.7656 5.06423 19.4929 50 0.205207 -0.00947425 -3.0923 -2.89335 2.56685 7.99195 51 0.0253363 -0.180965 3.13868 -2.96263 7.28351 37.8453 31 0.158269 3.08682 -3.08415 -17.9411 6.15797 32.5319 35 0.153603 2.96824 -3.10688 -19.6125 8.55389 46.8379 16 0.153025 -0.0382468 -3.10401 11.4929 4.28797 15.5949 16 0.153026 0.0886977 -3.10401 14.9825 7.80638 33.9897 16 0.153025 0.0618473 -3.10401 11.2119 6.53273 30.1057 46 0.173821 0.194996 -3.10029 16.1874 12.4303 61.3395 16 0.173821 0.0395294 -3.10029 12.1794 12.1008 63.0675 16 0.0253362 0.0088032 3.13868 -2.87602 8.65217 48.58 16 0.0253363 0.0622479 3.13867 -3.39033 12.3786 71.9035 46 0.153599 -3.13455 -3.10688 -29.4691 11.187 65.5463,15,12,8,4,7,0.421
1504,ID_0b0be29be,66 0.165601 -0.0066032 -3.09525 -3.30346 5.53144 24.4017 35 0.135831 -3.05966 3.08862 -42.232 22.0931 117.524 46 0.117815 -3.03893 3.12705 -45.5555 34.3766 202.399 47 0.0606117 -3.13592 -3.08422 -55.4989 29.6266 164.51 18 0.318185 1.11519 3.05014 -41.7686 15.3992 61.6144 46 0.165602 -0.0100381 -3.09526 -4.23126 10.3098 52.5938 16 0.165601 0.0223414 -3.09525 -0.713139 9.4999 47.2198 16 0.165602 -0.114642 -3.09525 -3.33149 11.773 60.0657 46 0.165601 -0.222242 -3.09526 -4.82293 20.462 107.542 46 0.060611 -3.13423 -3.08422 -48.1412 30.0473 167.361,10,3,3,0,7,0.3
2466,ID_f86a59ebc,54 0.226149 0.0727458 -2.99524 5.50833 3.6189 9.89248 76 0.207544 -0.0167029 -3.08737 5.36443 4.43837 15.8499 35 0.166016 0.0405213 -3.07272 5.21227 5.43888 21.6643 35 0.185757 0.0683356 -3.02761 4.81795 6.268 26.8735 66 0.161506 -3.10675 -3.12056 -9.88592 4.23715 18.2687 12 0.168574 3.10223 -3.1304 -6.87606 4.43264 19.5025 51 0.241383 0.494242 3.09759 -11.1998 7.88728 39.5782 8 0.171295 -3.09694 -3.1095 -8.13641 6.25891 33.9593 16 0.185757 0.0929339 -3.02761 0.267085 14.8662 81.0263,9,14,9,5,0,0.643
557,ID_a4a2578a3,70 0.172177 0.0320077 -3.10366 12.8923 10.9816 58.6225 40 0.140558 0.0292688 -3.12505 12.9008 9.32353 47.3031 51 0.195473 -0.0421335 -3.06624 14.1491 6.20681 27.21 16 0.172177 -0.0413868 -3.10366 -3.20243 7.26562 37.008 16 0.172178 0.00203694 -3.10365 -2.58443 11.8277 65.5092 2 0.172177 0.00253996 -3.10366 -0.723823 17.3131 100.61 16 0.172177 0.752004 -3.10365 0.715024 27.5708 162.16 2 0.172177 0.18707 -3.10365 2.48576 17.8977 101.712 16 0.172178 0.0040781 -3.10365 5.46519 15.039 85.1913 2 0.172177 0.17486 -3.10365 9.9103 11.3158 63.0537 2 0.172178 0.18635 -3.10365 11.2596 11.9866 65.9684 50 0.191412 0.232034 -3.05635 17.1764 6.2825 25.2419,12,7,6,1,6,0.462
3927,ID_c1f357de9,7 0.169441 -3.07297 -3.11426 -4.0024 3.07837 11.916 70 0.179188 -3.09573 -3.1224 -6.07661 8.6889 46.8621 28 0.169441 -3.07297 -3.11426 -7.23608 13.322 79.0371 28 0.112935 0.0019088 -3.08353 -0.353567 3.17046 11.081 46 -0.0862062 0.0602044 -3.09519 -4.95313 17.1472 103.129 16 -0.0862062 0.0602044 -3.09519 0.149859 7.63893 40.0879,6,9,6,3,0,0.667
3674,ID_cdbc00f91,28 0.289469 -2.62302 -3.01449 11.3127 3.95603 15.7539 40 0.177024 -1.62658 -3.09542 11.3883 4.45373 18.6423 9 0.207418 -1.54694 -3.0821 12.9328 5.59152 25.2085 18 0.147144 -0.0550814 -3.06436 -18.601 6.97775 39.2712 37 0.109724 0.0169402 -3.10828 -6.08779 11.4654 66.602 71 0.174163 -0.0329794 3.11144 -10.146 11.1232 64.0065 9 0.200594 -1.25757 -3.06185 19.0031 9.35677 43.5802 2 0.200594 -1.62961 -3.06185 12.1211 6.18758 30.3794 46 0.200598 -1.46696 -3.06184 14.9356 9.05952 45.4132 46 0.200597 -1.30417 -3.06185 18.9096 12.9447 68.6235 16 0.200595 -0.484199 -3.06185 9.82131 10.1902 57.5069 16 0.174164 0.0120097 3.11144 -8.79981 10.111 59.2172 46 0.174164 -0.0497477 3.11144 -10.7164 8.90857 48.9108 60 0.173956 -0.0723204 3.11026 -11.9629 11.1604 62.7463 16 0.174164 -0.105128 3.11144 -15.0055 9.90452 60.2551 66 0.202055 1.53455 -3.06568 4.30294 15.4496 93.2992 16 0.202059 1.00046 -3.06568 2.29907 16.118 97.7752 16 0.109723 1.82925 -3.10828 -4.17034 14.7162 91.5864 66 0.140826 -1.26944 -3.05332 -36.2507 13.5058 90.799 6 0.146035 -1.11956 -3.06227 -45.2595 13.6747 94.8309 46 0.146032 -3.07391 -3.06227 -56.6181 13.6292 92.8781,21,5,5,0,16,0.238
1936,ID_1435bb876,46 0.160132 0.0229649 -3.11055 3.24146 3.86716 14.6255 51 0.163831 0.0137635 -3.10466 3.42765 10.0797 50.6071 23 0.146372 3.13971 -3.12259 -9.49555 7.96918 39.2108 66 0.130047 3.13248 -3.13562 -5.60368 8.86342 45.1124 6 0.163752 -0.0202256 -3.1043 -0.451339 12.9085 68.5265 16 0.163751 -0.00663993 -3.10431 2.39238 16.3658 89.7114 6 0.163874 -0.0597712 -3.10485 0.0622168 6.26706 28.3435,7,5,5,0,2,0.714
662,ID_66215c821,9 0.17154 3.12536 -3.0597 -7.48311 3.76752 17.9971 16 0.171546 -1.5469 -3.0597 20.1413 5.71889 24.9058 16 0.171541 -3.06599 -3.0597 18.2987 6.07344 27.6541 16 0.171539 -1.86128 -3.0597 14.3375 5.55943 25.0169 60 0.174947 -1.40192 -3.06731 3.32661 12.5854 68.5006 46 0.174943 1.78356 -3.0673 -2.30011 12.0682 68.6433 16 0.174944 0.016396 -3.0673 -0.147378 4.73837 20.9472 16 0.174945 2.10757 -3.0673 -6.73546 11.8545 68.6473 60 0.176459 1.89197 -3.07102 -12.6571 11.4057 67.9423 46 0.171542 -1.80637 -3.0597 -22.4548 11.8151 65.9192,10,5,5,0,5,0.5
3818,ID_348265e8b,28 0.205257 -1.58197 -3.10878 17.3542 8.4798 41.6635 51 0.166924 0.0648214 -3.0438 0.394619 3.3829 11.9365 70 0.173565 -0.787355 -3.12935 3.10807 8.08119 41.7974 28 0.15518 0.242556 -3.11652 -2.67518 5.64729 27.2804 47 0.132302 -2.99584 -3.09458 -9.11143 11.4143 64.6729 37 0.141134 -3.13059 -3.11951 -9.82244 4.11236 18.3599 35 0.15887 -3.02639 3.13078 -9.74633 5.18523 25.0716 37 0.278322 0.552385 3.1342 -10.2947 6.04114 31.0527 16 0.205257 -2.17657 -3.10879 14.0723 4.44064 17.5237 16 0.205257 -2.07166 -3.10879 14.923 5.14812 21.441 16 0.205257 -2.15283 -3.10879 13.5719 5.03532 22.0009 16 0.205255 1.88156 -3.10878 14.1803 6.52354 33.7047 70 0.206669 -1.78964 -3.11956 10.5708 8.19085 42.118 16 0.15518 0.363021 -3.11652 -2.63889 6.72661 34.5085 16 0.155178 -2.2343 -3.11652 -0.673906 6.64792 35.5031 2 0.14114 3.10521 -3.11951 -8.58331 2.68071 11.1917 16 0.278324 0.471107 3.13419 -9.85907 6.09989 32.4519 46 0.278326 0.6149 3.1342 -14.9023 10.3041 56.7424,18,13,11,2,7,0.55
1907,ID_de7a9d47f,8 0.152033 -3.12557 -3.11522 -8.60255 11.6686 66.7828 8 0.114281 -3.13552 -3.05957 12.9015 13.4847 72.0956 28 0.0881078 -0.0368231 -3.08734 4.71149 8.07643 39.9319 28 0.151346 0.0240836 -3.10013 7.24212 7.38361 34.6154 37 0.154926 0.175466 -3.11407 6.61978 5.69904 23.9212 16 0.152871 0.00565321 -3.0799 2.60051 2.77015 7.70727 66 0.141098 -3.10099 -3.12042 -4.5866 3.84645 15.5377 40 0.153642 0.114321 -3.06394 1.47897 6.09503 28.0572 16 0.153643 0.177571 -3.06395 -0.457095 14.6043 82.2075 46 0.153643 0.0817645 -3.06394 -1.07594 9.97938 53.2184 46 0.141102 -2.97432 -3.12042 -4.25358 2.22702 5.42608 16 0.141096 2.9532 -3.12042 -11.0104 3.78559 16.9534,12,10,9,1,3,0.692
2066,ID_b40f57424,14 0.145248 -3.10524 -3.13444 -8.07244 3.60112 16.5257 50 0.137069 -3.10057 -3.10506 -4.3993 3.13752 12.3093 35 0.150834 -3.12571 -3.10944 -3.75858 5.90189 28.7668 35 0.173702 2.42382 -3.14091 13.6721 5.31425 20.4862 35 0.159188 0.00740658 -3.04955 5.84578 5.1183 19.8974 35 0.152574 -0.0856385 -3.07234 4.35108 5.89462 25.8546 2 0.145247 3.12699 -3.13444 -8.08322 2.59899 10.558 16 0.150838 -3.09175 -3.10944 -8.18096 6.28532 33.249 16 0.150832 -2.61181 -3.10944 -4.074 12.2062 76.8592 16 0.145246 0.0840568 -3.13443 -31.7484 9.27149 61.208,10,10,8,2,2,0.667
2316,ID_d658070f9,28 0.165078 3.05898 -3.11736 -11.5673 9.25762 45.8905 28 0.174285 3.10774 3.12584 -6.45915 16.0006 83.9675 60 0.196667 -0.0892842 -3.111 -2.89223 13.9764 69.5899 28 0.181906 -0.031635 -3.07243 -3.09859 5.19017 21.5781 66 0.167426 0.0466907 -3.13241 13.9876 11.0275 49.9676 54 0.202731 0.000891647 -3.07858 14.4092 10.0556 44.0692 28 0.191038 -0.0110745 -3.10584 13.2365 8.40239 35.4648 51 0.197371 -0.00763246 -3.11814 13.7246 7.55112 31.0601 6 0.156761 -1.61342 -3.064 28.8495 11.3343 51.2108 16 0.165083 2.40126 -3.11735 -16.2243 14.6997 76.974 2 0.196667 -0.0612602 -3.11101 -1.67316 22.3582 117.182 46 0.196667 -0.0011646 -3.111 0.66651 12.412 60.5359 16 0.196667 -0.0387508 -3.111 0.474005 4.25834 16.2066 2 0.167425 -0.13227 -3.13241 10.6504 10.004 46.7902 2 0.167426 0.034161 -3.1324 12.6486 10.2927 48.6159 2 0.156766 -0.00712676 -3.064 11.8742 5.53576 21.7725 2 0.156766 0.00543047 -3.064 8.93545 3.97585 12.6237 9 0.133412 -1.45263 -3.02835 25.6619 11.1463 50.8417,18,14,11,3,7,0.524
2701,ID_6f9bcfd1f,66 0.115728 3.09886 -3.13682 -8.60545 3.65272 16.5867 23 0.139233 3.12472 -3.12183 -9.84135 5.42309 26.8788 19 0.150798 -3.13403 -3.11053 -8.53369 5.60117 30.2411 12 0.195133 3.02503 -3.0889 -6.63955 5.81402 32.8533 35 0.13355 1.09689 -3.12924 -7.70428 11.1119 65.1548 2 -0.0235712 3.11043 3.13527 -6.24329 11.8593 73.3886 16 0.157481 0.00519113 -3.02455 4.8853 5.65896 26.7869 18 0.15434 0.0191306 -3.06934 6.59855 6.33028 27.9523 28 0.154205 -0.00879352 -3.09576 5.80448 4.76726 19.3413 28 0.130508 0.0280653 3.13778 5.83841 3.72246 12.8436 70 0.148553 1.41225 -3.10107 -21.6635 12.7759 84.5856 16 -0.0235723 -0.0464317 3.13527 -0.86084 6.88322 38.0285 2 -0.0235723 -0.162122 3.13527 2.06397 6.60585 37.5699 2 0.157484 -3.01862 -3.02456 5.42555 7.27213 37.0351 47 0.130496 0.0423727 3.13738 6.82529 3.42784 8.63405 16 -0.0235724 -0.0677265 3.13527 3.44816 25.4115 161.16 46 0.157479 1.74218 -3.02456 9.55894 12.4261 69.3234,17,13,10,3,7,0.5
644,ID_d37fc6406,66 0.162919 0.0260354 -3.08986 -3.45283 4.83044 21.1452 35 0.178855 0.07501 -3.06303 1.10458 5.81043 25.4095 27 0.162116 3.11736 3.09007 -25.0676 6.7038 36.7156 47 0.12028 -3.1348 -3.1087 -29.2482 8.76487 49.2973 71 0.148241 3.10622 -3.12896 -26.0082 8.81542 49.4767 25 0.127978 -3.05161 -3.11559 -24.782 9.10279 52.9838 27 0.157517 -3.06011 -3.09473 -25.7409 10.4583 60.2452 27 0.124851 3.13647 -3.12713 -26.5006 11.5398 68.1075 16 0.178855 0.0219115 -3.06303 11.1145 10.0714 50.7923 16 0.178855 0.048265 -3.06303 10.9565 10.953 55.3188 6 0.178628 -0.00535561 -3.06251 10.2146 12.0214 63.047 46 0.178855 0.211799 -3.06303 14.6107 11.9772 58.276 6 0.178117 -0.00227122 -3.06136 11.9533 13.0151 67.2252 6 0.178334 -0.0760739 -3.06185 -1.35856 14.9822 82.0329 16 0.178333 0.150703 -3.06184 -1.08988 16.6691 92.7005 16 0.178334 0.0440308 -3.06185 -5.57867 21.7074 123.053 16 0.162921 -3.13746 -3.08987 -11.4016 7.98755 42.5482 16 0.124856 3.12532 -3.12713 -26.2738 12.5413 73.2153 7 0.164767 2.81431 -3.09614 -33.5592 18.4471 108.419,19,8,6,2,13,0.286
1101,ID_e26478ce2,60 0.153586 -0.0675234 -3.0869 -31.9448 12.1147 54.255 56 0.132695 -0.287697 -3.0824 -39.4687 18.6821 91.5263 37 0.120704 -0.0349359 -3.1026 -33.4185 18.2937 89.0025 46 0.153586 -0.290976 -3.08691 -22.5409 10.2808 45.3759 46 0.153585 0.121066 -3.08691 -22.9105 11.2474 45.1177 46 0.120704 -0.0770358 -3.1026 -35.3227 19.2678 89.4516 28 0.117289 -0.117748 -3.09326 -36.8593 24.5501 126.395 16 0.117289 0.00136522 -3.09325 -10.8737 16.3983 90.2739,8,6,5,1,3,0.556
3668,ID_1d4d30e44,40 0.187802 0.111666 -3.06513 7.65274 4.0687 13.5483 76 0.183037 -1.85773 -3.02869 14.4092 6.2003 25.5434 40 0.139661 0.122431 -3.07904 6.73756 5.19675 20.3137 70 0.167919 0.195683 -3.1165 5.70107 6.12624 27.3485 28 0.19338 0.0504023 -3.08365 4.11635 7.52529 36.679 28 0.162064 0.0682608 -2.98894 3.25674 8.1599 40.4355 6 0.163138 0.112875 -3.13056 2.20167 8.70465 46.3088 28 0.200866 0.175085 -3.08919 0.62227 13.8148 76.0285 61 0.111145 0.335416 -3.10397 -0.857442 14.6478 83.766 37 0.159082 -3.02012 -3.0662 -20.0592 5.15202 29.7185 37 0.129133 -3.04168 -3.09304 -13.6638 5.5654 30.0844 43 0.0536199 -3.05258 -3.10856 -17.5046 9.43839 55.6627 48 0.144849 -2.0177 -3.0923 14.2135 7.80867 35.3165 16 0.163137 0.109864 -3.13055 2.81029 8.71211 44.7074 16 0.200866 0.127606 -3.08918 1.59347 10.371 55.2686 16 0.111146 0.0554693 -3.10396 -4.35576 7.78166 41.8271 16 0.111146 0.0937538 -3.10396 -11.778 15.4246 92.7403 46 0.111147 1.40608 -3.10397 -11.4264 21.0106 126.704 16 0.144853 -2.34595 -3.09231 9.84707 5.65563 27.4336 16 0.167918 -2.64662 -3.11649 8.96005 6.20101 31.751 46 0.16792 2.94447 -3.11649 10.2663 9.89737 52.3162 46 0.0536208 -3.12056 -3.10856 -23.7771 15.0668 91.4483,22,11,10,1,12,0.435
3016,ID_090811cf5,28 0.168994 -0.0356602 -3.10957 -2.62354 3.16892 11.163 37 0.108278 -0.216671 -3.11723 4.61554 18.8867 115.485 28 0.111712 -0.0501746 -3.03352 -25.6455 7.46671 44.9678 9 0.0891371 -0.0238687 -3.07211 -16.1364 7.46979 45.3998 46 0.111713 -0.0573386 -3.03352 -7.9832 3.13634 9.46316 16 0.108277 -0.033879 -3.11723 -3.23591 8.53061 48.2216 6 0.108325 -0.0330021 -3.11744 -0.00256385 12.29 70.4446 16 0.108325 0.110092 -3.11744 0.542378 14.119 86.5659 46 0.108325 -0.290098 -3.11744 -3.48097 26.1639 167.375 46 0.108277 -0.234069 -3.11722 9.82984 28.3899 179.11 16 0.108278 -0.0557883 -3.11722 5.14743 27.8968 190.289 51 0.0880872 -0.078395 -3.07079 -31.4689 13.0976 82.6223 46 0.108277 -0.393055 -3.11723 -19.9636 17.1345 110.016 16 0.108278 -0.0245548 -3.11723 -25.4265 18.5241 123.29,14,11,7,4,7,0.389
1655,ID_d8280136c,28 0.133156 0.22769 -3.11646 7.43962 4.93452 19.0814 37 0.197856 2.38458 -3.0896 25.9598 8.38381 37.2834 70 0.151709 -0.441944 -3.09985 26.0892 9.44465 41.6966 70 0.155902 -0.0584927 -3.09912 -11.5367 5.59535 28.0066 50 0.158346 0.0057132 -3.08899 -33.6523 9.56224 57.6594 37 0.140271 0.00492115 -3.08619 -23.4685 9.96173 59.9549 37 0.171188 -0.0134159 -3.0856 -20.6966 15.3794 91.6772 50 0.136717 0.851608 -3.06355 12.3856 5.97906 19.0173 46 0.197853 0.976187 -3.0896 24.855 9.43955 37.0924 20 0.132436 0.907233 -3.11289 14.7953 6.65025 31.0456 71 0.105668 0.83423 -3.05662 18.5097 9.61803 45.5858 16 0.105668 1.01095 -3.05662 14.7731 8.07723 39.5476 46 0.171188 -0.0200869 -3.0856 0.932817 10.2603 54.2005 46 0.171188 0.226916 -3.0856 7.59306 17.044 92.9226 16 0.171188 0.0215082 -3.0856 -1.3572 14.2585 79.8289 46 0.171189 -0.108091 -3.0856 -16.2128 11.1064 62.4459 60 0.16977 -0.171914 -3.0814 -31.8669 20.8913 128.031,17,10,8,2,9,0.421
1096,ID_ad1f65fb3,40 0.114751 0.0264254 -3.10039 3.21849 5.59861 26.4221 51 0.113441 0.0148843 -3.08347 -3.83942 8.50054 47.8521 61 0.172628 0.0985991 -3.11135 5.92783 13.0247 72.9952 46 0.11344 0.0662014 -3.08347 -0.273104 5.35341 26.899 46 0.113441 0.330227 -3.08347 -3.79324 8.05013 48.022 9 0.112614 0.0395826 -3.08188 -3.43269 11.4741 69.6949 46 0.172628 0.0783658 -3.11135 2.7187 11.5039 63.7127 46 0.113437 -3.06919 -3.08347 -8.49898 10.3704 62.9101,8,5,5,0,3,0.625
1878,ID_6ba535f82,61 0.184103 0.0823523 -3.05614 4.41788 3.25217 9.80117 71 0.162596 -0.0242332 -3.09726 3.89365 5.7631 25.9855 28 0.115042 -0.025894 -3.10663 4.86837 9.51297 47.5475 46 0.213304 3.0836 3.13937 -14.3639 18.4366 101.956 71 0.192568 -3.1038 -3.09045 -12.8565 13.143 71.8619 46 0.184952 3.12643 3.13312 -12.0034 9.78528 52.7449 35 0.160705 -3.08024 -3.13326 -9.68436 4.02318 17.5609 2 0.115042 0.0108707 -3.10663 4.97825 10.4378 53.5385,8,10,7,3,1,0.636
112,ID_375c4d72f,18 0.140494 0.0454811 -3.10122 4.95261 4.52755 15.4316 40 0.169111 -0.117566 -3.06567 8.17254 7.54904 35.8689 9 0.187667 -3.03656 3.13383 -13.7444 8.25474 46.0054 46 0.169111 0.16203 -3.06568 -1.25107 17.5587 96.7871 16 0.187664 -3.12098 3.13383 -27.7073 10.8839 65.0498,5,4,4,0,1,0.8
965,ID_39eaca3f9,28 0.189925 -0.00672742 -3.07277 3.55576 4.51897 17.343 35 0.165448 0.00856306 -3.06575 3.40949 5.94168 25.9894 27 0.0579188 0.0029463 -3.01393 2.69905 7.57194 39.306 23 0.149891 -3.10637 -3.08024 -10.8045 4.96156 21.7672 23 0.15356 3.11522 3.1204 -10.0777 6.10722 28.6694 7 0.161027 -3.12772 3.11251 -9.00183 6.1876 31.3735 35 0.161967 -3.07477 -3.1262 -10.0614 8.34241 43.9028 14 0.171084 -3.10725 -3.13095 -7.46986 6.71279 37.624,8,9,8,1,0,0.889
1174,ID_62793d12a,71 0.134066 3.12165 3.12452 -14.0865 6.90945 37.1024 9 0.166951 -3.13766 3.12965 -11.8295 8.0946 48.3438 70 0.154791 3.00127 -3.12988 -9.92623 10.2403 61.0978 23 0.130376 3.09554 -3.14113 -9.93306 13.8047 82.3657 60 0.136162 3.07709 -3.13938 -9.25913 16.3415 100.064 25 0.180638 -3.12497 -3.1124 -5.83357 13.7211 85.4269 6 0.153962 -0.0584863 -3.0572 7.85253 4.34127 15.3605 46 0.180635 -0.245175 -3.11239 16.1974 24.8998 146.978,8,10,8,2,0,0.8
2673,ID_69927228c,40 0.153239 -0.015373 -3.06081 3.27441 3.23385 9.73345 60 0.161727 0.0353292 -3.08683 -0.187066 2.93642 8.82429 23 0.148009 -3.12812 -3.05005 -3.84716 2.77063 7.86332 28 0.174358 0.0128226 -3.07706 3.24048 6.81745 31.2901 47 0.268962 1.92775 3.12452 -19.6912 15.4196 88.6322 28 0.173518 3.10188 -3.11818 -3.09016 18.8158 105.823,6,7,5,2,1,0.625
2724,ID_d2cb44cbd,7 0.14275 -3.10542 -3.09833 -9.96173 3.57081 16.2045 16 0.155529 -3.10139 3.14068 -9.51391 4.4159 21.2294 71 0.147336 3.12627 3.11817 -11.2198 6.02766 31.1727 12 0.119086 3.06075 -3.0857 -11.5273 8.26475 45.3943 12 0.147006 3.13223 -3.07637 -11.2668 9.67825 55.5139 46 0.183668 3.09389 3.11313 -12.7847 14.045 82.7741 46 0.119087 3.07839 -3.0857 -14.011 8.9125 47.1658 16 0.147004 -3.13056 -3.07637 -10.0768 7.76454 43.8144 16 0.183666 3.12431 3.11313 -10.6166 10.4014 60.4367,9,7,7,0,2,0.778
3314,ID_bbed26900,37 0.160541 0.0190243 -3.08779 3.16149 4.15766 15.2414 35 0.152726 0.0205203 -3.09909 15.379 5.9937 23.7398 37 0.0881478 -3.00414 -3.08144 -21.6524 7.35914 37.6011 25 0.218916 0.785618 3.12149 -18.1393 8.57722 46.561 35 0.157756 3.13252 -3.129 -20.3815 12.262 66.7207 16 0.160541 0.00477925 -3.08779 2.21221 10.3057 54.7212 16 0.160541 0.0617847 -3.0878 -0.987528 14.9396 83.5622 2 0.152726 0.0209492 -3.0991 16.6755 7.69937 33.7135 6 0.152776 0.0573923 -3.09927 17.6514 9.25041 41.878 46 0.160541 -0.110607 -3.0878 18.5649 15.4276 81.0042 2 0.0881549 3.09441 -3.08144 -30.4443 8.64849 47.1944,11,5,5,0,6,0.455
413,ID_f67cd0ee0,8 0.191542 -3.11216 -3.12348 -15.4428 5.31484 27.3088 6 0.122472 3.07122 -3.10555 -27.04 10.4474 60.258 35 0.143712 -3.11224 -3.10662 -15.9848 8.90069 48.0791 8 0.156073 -3.12189 -3.09507 -18.0981 11.0489 63.4073 70 0.116741 3.12766 -3.0938 -19.0813 14.0843 79.492 60 0.095 -3.05653 -3.12245 -19.8186 18.2547 105.468 35 0.159172 -0.0304157 -3.12085 14.3537 6.11989 24.253 61 0.109142 0.317581 -3.10138 15.8512 7.78956 33.8886 16 0.149952 0.0305166 -3.12796 2.46686 4.78052 19.753 70 0.170759 0.0190992 -3.12981 16.141 11.474 54.9249 50 0.193552 0.118005 -3.07941 14.133 10.8053 53.5913 40 0.121305 0.157388 3.10403 13.5841 12.9613 66.1439 6 0.189575 3.00862 -3.10864 -8.72987 2.95392 10.5414 2 0.191543 -3.09101 -3.12348 -24.1262 6.18267 34.223 6 0.122588 3.06521 -3.10597 -28.158 10.0024 56.0101 16 0.143717 3.08642 -3.10662 -19.5005 9.64803 52.8055 16 0.0950062 -3.08226 -3.12245 -17.3376 13.6614 78.7575 16 0.159172 -0.118683 -3.12084 12.144 4.32467 15.4333 16 0.109142 0.0401951 -3.10138 13.8473 7.80636 35.3738 16 0.17076 0.0906485 -3.12981 12.5555 7.93107 36.5484 2 0.121305 0.150964 3.10402 16.5372 13.7504 70.3132 16 0.121303 -2.51988 3.10403 16.2091 14.448 77.2757 76 0.120834 0.0277791 3.10253 13.6842 14.7323 77.5174 46 0.120834 0.377419 3.10253 17.3231 22.546 119.25 16 0.120834 -0.0558619 3.10253 7.85814 15.6463 86.2234,25,14,12,2,13,0.444
1265,ID_c663c7410,28 0.151529 0.021991 -3.09287 3.22031 4.3174 16.272 28 0.0684147 3.09382 -3.13957 -8.47992 9.77655 53.7891 61 0.170626 3.1329 -3.11636 -23.9437 6.90257 39.4827 16 0.116951 -3.13665 -3.1293 -23.4774 10.3512 60.7093 46 0.0684156 -0.0563006 -3.13957 0.0638318 11.5028 65.5225 46 0.0684155 -0.101495 -3.13957 -3.88812 16.0494 92.8151 16 0.0684195 3.09857 -3.13957 -11.3625 15.895 94.0341 16 0.0684113 3.05758 -3.13957 -11.2183 11.0771 63.3341 46 0.170625 3.0736 -3.11636 -24.6984 6.24828 35.0221 70 0.116907 -3.13197 -3.12891 -26.7378 9.80963 56.4609 6 0.117133 -3.10949 -3.13119 -25.5183 10.2811 59.9171 16 0.116949 2.96486 -3.1293 -26.6459 12.7966 75.8351 2 0.151529 0.286002 -3.09287 14.3796 5.38281 20.8877,13,7,6,1,7,0.429
2123,ID_138f4b5b8,28 0.148264 0.0232475 -3.09893 -9.53615 4.97557 25.5536 43 0.188072 0.0425985 -3.07142 -9.41684 3.7033 17.5163 28 0.141374 0.0220068 -3.07138 -16.9625 5.73057 33.0649 27 0.1745 -0.00299941 -3.09677 -10.3204 6.17727 33.5201 54 0.14994 -0.00998127 -3.10155 -7.12627 6.967 37.1784 70 0.372122 1.48978 -3.11142 -19.8926 10.9508 69.5295 2 0.188073 -0.24938 -3.07142 -19.4424 4.94224 26.851 16 0.148264 -0.0611265 -3.09893 -12.251 5.39468 30.4497 16 0.149941 -1.43114 -3.10155 -5.10213 8.49251 50.9504 61 0.149953 1.69406 -3.1016 -1.4099 10.0406 60.6595 2 0.14994 -0.907478 -3.10154 -4.28419 6.99048 43.1922 46 0.141375 -1.32265 -3.07138 -27.268 9.00658 58.454 16 0.188072 -1.76031 -3.07141 -35.8393 7.23518 51.0866 16 0.148261 1.48937 -3.09893 -26.2271 9.17479 61.0187 71 0.151975 -1.01594 -3.11021 4.18605 9.90919 58.6955 60 0.154768 -1.54122 -3.13061 7.57827 9.89442 56.2352 46 0.15477 -1.48055 -3.13062 14.5652 7.1373 36.8425 16 0.154771 -1.05666 -3.13061 12.1703 5.74184 28.5841 46 0.154771 -1.06174 -3.13061 17.7865 7.6866 37.7164 2 0.154774 -1.42807 -3.13061 17.1805 7.09404 32.1477 60 0.154933 -1.47691 -3.13329 12.2283 3.87505 16.2618,21,8,6,2,15,0.261
4173,ID_983c1e248,12 0.205291 0.135935 -3.07543 0.182938 6.92371 32.21 70 0.185101 0.0282484 -3.10209 3.53728 9.47897 46.7151 14 0.171626 -3.12755 -3.09869 -5.17256 2.84052 10.4327 18 0.319068 -0.282746 -3.09877 -14.3085 19.3446 108.09 16 0.185101 0.001751 -3.10208 2.81368 9.16159 45.6093 46 0.185101 -0.0675422 -3.10209 4.07979 18.724 98.4688 16 0.185101 -0.333495 -3.10208 3.00851 14.7909 79.388 46 0.20529 -3.09885 -3.07542 -13.5222 43.3249 252.967 16 0.205288 3.11623 -3.07542 -9.57856 25.8413 149.021 56 0.305187 0.351712 -3.03782 -17.7913 19.3247 106.75 8 0.306057 0.330933 -3.04048 -15.9219 19.4327 107.768,11,6,4,2,7,0.308
103,ID_9f3f0a78a,76 0.183586 0.0153478 -3.11467 14.0553 6.62434 26.4135 2 0.146737 0.045968 -3.06174 14.0491 7.40353 32.5927 40 0.150605 -0.000500627 3.14009 13.1265 7.95399 36.1193 61 0.203891 0.14845 -3.01826 13.467 9.3898 44.6259 35 0.166195 0.0135178 -3.11596 12.8024 10.0379 48.4447 28 0.143636 0.0250691 3.13007 12.3617 14.747 77.2313 71 0.158936 3.11229 -3.13852 -11.5187 6.99839 34.6607 71 0.16445 3.12156 3.09614 -27.2851 9.54231 53.1204 46 0.183585 0.161618 -3.11467 15.7006 5.97739 21.4212 46 0.143636 0.21691 3.13007 17.4889 19.1788 99.4273 16 0.143636 -0.0698346 3.13007 1.22154 7.71294 38.3757 16 0.143637 -0.0137766 3.13007 -0.614597 9.1149 47.3746 6 0.143635 -0.0119655 3.13006 -3.73995 8.17256 43.1039 16 0.143635 0.112845 3.13005 -4.5578 11.6964 64.558 46 0.143637 -3.12669 3.13006 -13.0804 15.7802 88.7214 16 0.143634 0.0566414 3.13005 -4.10198 14.1888 79.0101 16 0.158938 -3.06538 -3.13852 -23.3459 11.3072 64.4103 46 0.14363 3.13557 3.13006 -28.0061 26.0618 154.828 46 0.143637 2.13255 3.13006 -8.10574 39.4145 229.656,19,8,7,1,12,0.35
1906,ID_4b860b990,61 0.110914 0.102231 3.11882 2.26367 2.73208 9.20102 28 0.124208 0.197348 3.0472 7.25915 4.16018 14.5789 28 0.171251 0.0151946 -3.129 13.0741 6.41639 28.8923 16 0.154201 -0.0755836 -3.13503 11.4098 6.96949 33.5779 27 0.16451 -3.10588 -3.12051 -33.2222 11.27 68.9133 46 0.155994 0.847688 3.13114 -39.9273 14.9853 91.8636 2 0.171251 -0.969252 -3.129 14.6902 6.46955 32.1105 6 0.153748 -0.957462 -3.12804 15.577 8.42921 43.3858,8,4,4,0,4,0.5
798,ID_234c7d522,40 0.147076 0.0331562 -3.09193 -4.37368 5.66744 26.9474 35 0.160061 0.0138115 -3.10375 6.88838 6.70266 29.2899 66 0.140884 -0.0542929 -3.07188 11.3975 12.6015 64.7316 35 0.160422 -0.00343091 3.13701 11.828 14.0124 73.0315 2 0.147076 -0.0310097 -3.09193 -3.2621 1.64136 4.51371,5,7,4,3,1,0.5
2805,ID_211e053a1,35 0.138963 -3.07774 -3.12858 -9.05262 3.99921 19.6635 25 0.141503 -3.1078 3.14073 -8.81733 4.74922 25.8392 46 0.138965 3.07257 -3.12858 -8.93346 2.81823 13.4565 46 0.141495 3.04996 3.14073 -11.3087 9.54427 55.7965 46 0.141499 -3.13422 3.14073 -9.73541 8.65388 51.6041 46 0.1415 0.0955201 3.14073 6.26948 8.81848 46.2204 16 0.141499 -0.0772516 3.14074 -0.66896 11.9207 71.8161,7,9,5,4,2,0.455
3693,ID_6dd8d7527,16 0.150202 3.12115 -3.13377 -3.32332 2.53499 8.1726 37 0.143238 3.1333 -3.0606 -10.1569 3.80339 16.1501 35 0.155427 3.10448 -3.12784 -7.40801 8.94251 47.1016 27 0.178758 3.10095 -3.13677 -8.76774 14.0683 79.1521 35 0.164154 -0.0440986 3.13975 4.70782 8.31603 39.9242 40 0.152506 -0.0201093 -3.03896 4.53343 5.67644 23.6109 27 0.149498 3.09152 -3.13845 -7.20376 16.6173 93.581 16 0.164153 -0.0594725 3.13975 3.09434 16.3159 90.9621 46 0.164154 -0.0331272 3.13976 4.85283 12.5324 68.3989 16 0.164154 -0.109691 3.13976 4.1293 8.74391 44.6934 16 0.152503 1.65784 -3.03897 14.498 4.63552 22.3157 61 0.176771 -2.11782 -3.09174 18.4306 11.2489 58.4968 16 0.143237 1.62034 -3.0606 -18.9389 5.28351 30.1771 47 0.16854 -1.76344 -3.06843 16.3576 7.66057 37.9623 2 0.17876 3.12215 -3.13677 -8.78268 10.4922 58.8859,15,10,9,1,6,0.562
2250,ID_cf4907324,70 0.14282 0.175321 -3.1128 -3.95138 7.8586 40.9109 28 0.131918 0.136273 -3.12302 -12.7357 9.39428 53.909 50 0.125722 0.0964283 -3.08707 -17.0655 9.44909 54.2286 27 0.139609 -3.00881 3.12119 -35.1673 16.5634 102.611 28 0.175901 -1.4029 -3.12054 13.0842 6.44368 29.771 46 0.131918 0.0626316 -3.12303 -10.6569 10.3092 59.5517 50 0.145663 -1.80699 3.13957 8.75077 14.0017 78.0136,7,5,5,0,2,0.714
3277,ID_5ab32a88c,18 0.12522 -3.12241 -3.0766 -5.22833 3.44663 12.7382 35 0.120947 3.10612 -3.10606 -6.25791 5.59362 26.6886 46 0.178408 3.08457 -3.11056 -9.21623 10.1489 55.7168 28 0.164029 0.862383 -3.07718 -8.14574 12.4559 71.5048 51 0.0438242 -3.10552 -2.98578 -7.19544 23.5008 142.68 70 -0.0158119 -3.13161 -3.10286 -5.9887 14.4962 86.0458 2 0.0438267 0.195972 -2.98578 -1.00699 12.2717 70.0637 51 0.0611872 -1.53163 -2.99169 5.31581 12.7005 69.4551,8,6,5,1,3,0.556
3167,ID_2423f0e3d,28 0.146278 0.0653605 -3.09167 -6.01416 5.28221 25.8653 40 0.173246 -0.0295344 -3.13353 12.915 7.11556 33.4543 51 0.149157 0.0533957 3.09834 16.6744 8.16079 36.3566 37 0.122661 3.10717 -3.03228 -34.5522 7.90559 51.4521 47 0.14641 0.580803 -3.09206 -7.56877 11.02 62.748 2 0.14641 0.0463703 -3.09206 -4.53336 12.493 70.631 2 0.14641 -0.012359 -3.09206 -1.98084 13.225 75.2413 2 0.146273 3.11543 -3.09167 -35.4884 12.9327 83.6755 46 0.146283 3.09033 -3.09167 -43.4787 20.7897 133.251,9,7,5,2,4,0.455
1316,ID_910911df1,70 0.136059 -0.0760844 -3.08905 -8.40786 4.14952 19.6092 70 0.168728 0.065923 -3.09138 -15.7275 5.53583 29.0341 46 0.0933509 -0.0124593 -2.97465 -6.70666 6.00635 31.81 76 0.140384 -0.0477182 -3.06912 -28.0031 10.5161 63.2694 28 0.156684 0.0363468 -3.11726 -22.4891 10.4874 60.996 28 0.130125 -0.0566887 -3.08426 -25.7202 14.5374 86.2404 35 0.169785 0.126418 -3.13278 13.4388 11.5843 59.5428 66 0.157031 0.0916258 -3.0961 14.3848 13.93 73.3137 16 0.0933509 0.135516 -2.97465 -4.5327 8.30151 45.4989 61 0.0880449 0.00299916 -2.9718 -7.39339 10.7718 60.289 16 0.0933509 0.131877 -2.97464 -1.9314 9.45317 50.4202,11,7,7,0,4,0.636
457,ID_b19e5b434,51 0.176793 -0.0154895 -3.06443 7.10141 3.82561 12.7976 28 0.108217 0.184736 -3.07103 6.63089 6.28579 28.0255 70 0.140884 0.0678833 3.12243 4.89939 5.671 28.3606 50 0.171654 0.0913495 -3.00557 5.54549 8.67955 42.9512 71 0.162379 0.137548 -3.03898 4.50311 8.47173 44.2421 9 0.136002 1.70697 -3.08585 -19.3953 6.88582 42.0246 16 0.191228 -0.199112 -3.1262 1.62097 13.9928 79.8474 46 0.176793 -0.0154895 -3.06443 -1.37245 20.9886 127.371 16 0.136002 0.820981 -3.08585 -19.5121 4.38127 26.6584 46 0.136002 1.01324 -3.08586 -23.3962 5.58945 34.1983 16 0.136002 0.92097 -3.08585 -21.9991 5.79212 35.514 46 0.136002 1.78858 -3.08585 -25.9961 10.6357 65.6179,12,6,3,3,9,0.2
3576,ID_98fa9cb2b,70 0.137344 3.06599 -3.07309 -6.57183 3.18689 11.288 7 0.175339 2.79325 3.1261 -5.62629 5.18443 23.5793 18 0.175636 2.87513 -3.13204 -1.78127 4.89065 20.6267 51 0.183403 0.841373 -3.09468 -2.29108 12.0413 64.0552 71 0.172069 2.81576 -3.1264 1.11059 6.7908 33.0344 7 0.185472 2.76166 -3.13148 6.4265 11.4828 59.845 70 0.142612 -0.320364 -3.09581 8.44389 8.53593 39.2705 70 0.183605 -0.358501 -3.0985 13.2398 11.0872 54.3169 60 0.113105 2.93536 -3.13947 28.566 17.1322 87.1685 70 0.142081 -0.309146 -3.06951 11.8147 6.70743 27.5047 2 0.137344 1.3947 -3.07309 -10.7727 3.98408 20.3314 16 0.175343 2.78555 3.1261 -6.42147 3.6366 15.6932 51 0.176012 1.31302 3.14055 -11.9683 8.09409 41.6591 46 0.183401 -2.59705 -3.09467 -5.2638 11.7186 62.2311 16 0.185479 2.84326 -3.13148 7.40277 10.9328 57.3884 6 0.113111 -0.449668 -3.13955 11.3179 7.6169 36.0759 2 0.113109 -0.594673 -3.13947 16.7815 9.30574 43.4031 8 0.14333 -0.192477 -3.07205 7.09947 4.26422 14.6137 2 0.14333 0.0824917 -3.07205 5.04568 3.11825 8.29751,19,16,13,3,6,0.591
442,ID_5d21d8c3f,51 0.225144 2.39773 -3.04745 8.21574 5.74456 26.8033 28 0.137027 0.0967609 -3.07214 4.76309 5.64614 27.9047 28 0.10351 -0.0807656 -3.04548 -6.39833 4.31761 24.484 28 0.127049 -0.116964 -3.03366 -11.975 8.81284 61.3109 60 0.12947 -0.00980532 -3.0583 -12.8001 10.3663 73.4311 66 0.171605 -0.019338 -3.12284 -13.2563 11.4326 81.7526 16 0.137027 0.0336914 -3.07213 2.95706 9.14 56.6899 46 0.137028 0.978689 -3.07213 5.20609 11.2927 72.245 16 0.171605 0.046157 -3.12284 -6.51722 8.09984 53.6045 16 0.171605 0.00730317 -3.12284 -5.36559 9.36699 62.1502 16 0.171604 0.0973781 -3.12283 -5.44826 10.7893 72.5873 16 0.171605 -0.0263122 -3.12284 -5.77833 13.3635 90.5514 16 0.171605 -0.0294895 -3.12283 -3.35518 15.1747 101.877,13,10,9,1,4,0.643
2127,ID_16f10e667,35 0.145482 0.0304111 -3.06902 5.60735 4.26169 15.0139 37 0.11154 -0.00764333 -3.0763 5.17757 5.09485 20.8994 9 0.102488 3.11212 -3.08876 -11.2101 15.7993 88.6956 25 0.138329 -3.1277 -3.12439 -9.78394 6.30804 31.1507 8 0.17419 3.10694 3.09524 -9.36453 7.22355 37.6663 51 0.161463 -3.08442 3.13419 -9.54422 8.904 46.2618 35 0.157907 -3.08542 3.12269 -8.8495 4.94751 22.4959 46 0.145481 -0.194066 -3.06903 4.94448 2.48149 6.52335 2 0.11154 -0.0414197 -3.0763 4.91693 5.28633 23.8333 16 0.11154 -0.0176227 -3.0763 2.98327 6.11915 28.4761 16 0.11154 -0.16477 -3.0763 5.90766 14.0142 76.5241 46 0.11154 0.0655642 -3.0763 -0.403263 23.1519 131.441 46 0.102493 3.12785 -3.08876 -11.4411 17.7811 100.741 46 0.10249 -3.06717 -3.08876 -13.0589 16.1497 88.4209 46 0.102492 3.06113 -3.08876 -10.9406 12.4982 67.498 2 0.102489 3.13308 -3.08876 -8.99838 8.95077 47.9882 6 0.10964 -0.0201965 -3.07315 6.18172 7.95913 36.8476,17,12,11,1,6,0.611
4164,ID_40cf35ac2,19 0.148745 -0.574116 -3.04712 8.06499 3.37063 10.4651 16 0.185804 -0.404804 -3.05435 9.02872 4.34381 15.5973 35 0.14343 0.420323 -3.11251 6.2086 5.7248 23.6119 60 0.144108 -0.472617 -3.10369 9.91615 6.39657 28.8746 37 0.0212825 1.97387 -3.03301 8.99081 14.6234 77.3322 61 0.188307 -0.063074 -3.09272 -1.56497 4.10703 17.7219 6 0.144934 0.0489957 -3.12137 6.67862 6.50414 29.0662 16 0.144934 -0.0629608 -3.12137 20.2715 19.5884 105.624 2 0.188308 0.0610724 -3.09272 -2.6806 14.8371 81.3254 46 0.188308 0.0545037 -3.09271 -0.50487 18.7353 102.403,10,9,6,3,4,0.462
1343,ID_8c3276ad9,35 0.154226 0.017996 -3.0886 4.61792 3.43405 10.8192 60 0.144438 0.06156 -3.0081 5.16572 5.1797 20.1157 35 0.1615 -0.0551402 -3.07158 4.63236 5.23002 22.4324 66 0.148 -0.0199463 -3.1275 5.66124 8.14117 39.6578 25 0.136808 -3.09369 3.1236 -9.58301 4.25255 20.0698 25 0.158114 3.08978 -3.12003 -7.27391 5.11216 24.9665 46 0.237998 0.617658 -3.07547 -9.85296 5.87813 30.2162 25 0.182222 -3.09181 -3.09067 -9.8133 10.4409 60.1271 7 0.142257 -3.1162 -3.08977 -9.98107 7.65768 41.4347 60 0.240584 -0.0431904 -3.10324 -0.641634 10.6444 55.619 16 0.136804 -3.07747 3.1236 -8.61121 3.06436 12.5122 46 0.240584 0.00699695 -3.10325 -5.13043 16.9327 97.5227 16 0.240585 2.38227 -3.10324 0.205126 15.2278 90.1982 16 0.240581 -1.32178 -3.10324 6.26133 16.1246 93.7614,14,12,10,2,4,0.625
481,ID_0f7c7228a,61 0.116661 0.0708713 -3.13148 3.3503 3.79607 14.9689 28 0.160293 0.0316968 -3.09286 3.24092 6.72915 31.515 23 0.187082 0.0159521 -3.1268 3.64792 10.3297 51.9479 46 0.234297 -0.359501 3.08224 10.093 20.1947 109.036 70 0.170484 0.018153 -3.12286 -3.70558 4.70922 21.3193 40 0.103706 0.772654 -3.09629 -9.05484 18.2814 103.142 51 0.185094 3.04895 3.12472 46.8658 15.9604 65.8765 28 0.0421792 -0.996496 3.10086 23.1033 23.5624 127.504 16 0.103706 0.00855684 -3.0963 -0.340556 3.81703 15.7458 8 0.103905 0.00361079 -3.09675 -0.730271 6.18392 32.4389 46 0.103704 2.74431 -3.0963 -6.38036 18.1958 102.211 46 0.103905 0.0780898 -3.09676 -0.557496 20.7225 116.965 2 0.0421792 0.0813142 3.10085 6.90896 8.03727 39.1652 66 0.0414318 1.40313 3.1001 23.1462 20.1466 108.974 2 0.0414325 0.981124 3.1001 25.1958 18.525 100.518 16 0.0414318 1.37064 3.1001 27.3932 18.8721 101.048 16 0.0414309 -1.6956 3.1001 43.723 24.9804 132.31 46 0.187081 0.972455 -3.1268 10.6781 33.1146 185.176,18,7,6,1,12,0.316
2411,ID_9a3067223,27 0.163371 -3.11887 3.11942 -26.0034 7.47737 41.9336 7 0.129021 -3.12325 3.1226 -24.0107 7.55302 43.6121 12 0.165086 3.04082 -3.09561 -14.3089 11.2907 66.7339 27 0.133893 -3.09243 3.13251 -17.0969 15.8323 94.3764 16 0.133888 0.00990254 3.13251 11.1488 4.64275 19.5046 46 0.133888 -0.22127 3.13251 13.2674 15.2152 82.6956 16 0.133888 -0.289925 3.1325 12.1516 14.8185 82.958 16 0.133888 -0.0751357 3.13251 2.31389 9.31624 49.1603 16 0.133888 -0.160521 3.13251 2.47147 12.0276 65.7425 16 0.133888 -0.0393792 3.13251 -0.0171352 7.75577 40.164 2 0.133888 -0.505611 3.13251 0.303028 8.01684 45.7762 16 0.133888 -0.0414957 3.13251 -3.48588 9.68348 53.8899 50 0.162342 3.00094 3.11278 -32.7197 8.05424 46.2101 46 0.129015 3.00121 3.1226 -28.2045 10.3237 59.4101 51 0.133755 3.12111 3.13066 -13.7207 14.4577 83.6425 40 0.134094 5.11228e-06 3.1364 14.6987 9.51138 47.9093,16,4,4,0,12,0.25
10,ID_dfbcb7cbf,71 0.192845 -2.00126 -3.11588 -23.6479 6.42685 34.4336 46 0.192848 0.297939 -3.11589 2.20848 18.2564 104.341 2 0.192845 2.27025 -3.11589 -24.8907 10.4905 65.1451 7 0.193849 -0.917211 -3.12519 -28.1337 7.98518 48.2766 46 0.193848 -1.90302 -3.12519 -26.1341 7.14289 43.293 16 0.19385 -0.543077 -3.1252 -20.8158 5.19586 29.8138,6,2,2,0,4,0.333
3725,ID_1878601d8,40 0.134261 0.194813 -3.06316 -8.28081 4.10901 20.1461 70 0.148171 0.199799 -3.04683 -1.76897 7.95416 41.3064 46 0.134261 0.0471721 -3.06315 -19.81 12.9252 77.097 2 0.134261 0.102371 -3.06315 -21.9615 11.17 69.8229,4,4,4,0,0,1.0
3376,ID_da29ec684,70 0.170536 -0.0433996 -3.05918 17.0174 6.70801 25.9755 9 0.286003 3.04119 3.11952 -10.2214 13.3143 74.9072 16 0.170537 0.00239159 -3.05919 15.0281 8.1947 37.7457 2 0.286001 -0.113483 3.11951 6.00871 12.9181 68.6835 2 0.170536 -0.0433996 -3.05918 5.92204 12.2313 68.8246 2 0.170536 -0.0433996 -3.05918 -1.46931 9.56436 50.3962,6,3,3,0,3,0.5
3697,ID_1dbe0e377,35 0.178414 -0.0488031 -3.08343 11.4099 5.35355 20.0549 35 0.164465 0.0330221 -3.13158 11.5008 6.09457 25.1458 19 0.168126 0.0305265 -3.12123 12.1742 7.39834 32.7115 76 0.0857184 -0.00661271 -3.13729 7.65652 8.44035 40.4834 66 0.142839 0.0241415 3.13859 12.2177 13.8854 72.4674 28 0.16751 0.0190035 -3.09965 -4.29949 7.65161 39.1605 70 0.160884 0.0319269 -3.09576 -6.52643 5.38129 26.2831 54 0.167644 -0.0192212 -3.09233 -7.68002 8.06083 42.6363 71 0.180569 -0.0169778 3.09717 -9.73921 11.1749 62.1438 7 0.172315 -3.04642 3.13911 -16.2398 7.64057 43.5878 46 0.100597 -2.9839 -3.12528 -36.781 14.674 90.7727 12 0.196498 3.10277 -3.12463 -18.1214 6.21631 36.068 16 0.142838 0.579435 3.13859 7.59086 16.3766 89.2902 16 0.142839 0.0142307 3.13859 5.43959 12.311 66.0522 16 0.16751 0.0375207 -3.09965 -0.663784 7.69647 39.3057 16 0.167511 0.187752 -3.09965 -3.99239 8.55894 46.2985 16 0.172318 -0.0297581 3.1391 -9.127 6.13035 32.569 16 0.16088 2.53934 -3.09576 -11.9678 8.24514 47.4527,18,13,10,3,8,0.476
3516,ID_d2dc13a1c,28 0.118423 0.0315646 -3.11041 -1.81219 3.34016 12.6235 16 0.152739 0.185093 -3.07675 -8.85018 3.13547 14.051 43 0.189377 0.217697 -3.11386 -11.062 4.4025 22.1598 70 0.143182 0.218287 3.13765 -14.0902 6.28539 33.75 8 0.198522 0.168844 -3.09817 -13.3621 6.19412 35.6522 40 0.107807 0.98562 -3.10963 -39.3526 11.7405 78.7822 46 0.198522 -0.0606386 -3.09818 -11.4264 7.77601 42.668 16 0.198525 2.45043 -3.09817 -11.4481 9.76898 61.788 2 0.152739 0.258523 -3.07675 -15.2728 4.57184 25.0742,9,6,6,0,3,0.667
